Date,Category,Location,Quantity,UnitPrice,SalesAmount
2023-01-13,Sides,Downtown Branch,4,8,32
2023-01-18,Desserts,Beachside Cafe,4,8,32
2023-01-28,Beverages,Suburban Diner,4,8,32
2023-02-13,Sides,Uptown Bistro,4,8,32
2023-02-26,Sides,Downtown Branch,4,8,32
2023-03-02,Appetizers,Downtown Branch,4,8,32
2023-03-23,Appetizers,Downtown Branch,4,8,32
2023-03-24,Beverages,Suburban Diner,4,8,32
2023-04-01,Beverages,Downtown Branch,4,8,32
2023-04-06,Desserts,Suburban Diner,4,8,32
2023-04-21,Sides,Beachside Cafe,4,8,32
2023-04-23,Appetizers,Beachside Cafe,4,8,32
2023-05-03,Appetizers,Uptown Bistro,4,8,32
2023-05-15,Beverages,Downtown Branch,4,8,32
2023-05-18,Appetizers,Beachside Cafe,4,8,32
2023-06-02,Desserts,Beachside Cafe,4,8,32
2023-06-10,Appetizers,Uptown Bistro,4,8,32
2023-06-15,Appetizers,Uptown Bistro,4,8,32
2023-06-22,Sides,Beachside Cafe,4,8,32
2023-06-23,Sides,Beachside Cafe,4,8,32
2023-07-05,Sides,Beachside Cafe,4,8,32
2023-07-16,Sides,Suburban Diner,4,8,32
2023-07-21,Sides,Beachside Cafe,4,8,32
2023-09-03,Sides,Beachside Cafe,4,8,32
2023-09-11,Appetizers,Beachside Cafe,4,8,32
2023-09-22,Desserts,Uptown Bistro,4,8,32
2023-09-24,Sides,Suburban Diner,4,8,32
2023-09-27,Desserts,Beachside Cafe,4,8,32
2023-09-30,Desserts,Uptown Bistro,4,8,32
2023-10-11,Appetizers,Downtown Branch,4,8,32
2023-10-17,Sides,Suburban Diner,4,8,32
2023-10-24,Sides,Downtown Branch,4,8,32
2023-10-25,Sides,Uptown Bistro,4,8,32
2023-11-01,Beverages,Downtown Branch,4,8,32
2023-11-02,Desserts,Uptown Bistro,4,8,32
2023-11-03,Desserts,Beachside Cafe,4,8,32
2023-11-07,Beverages,Beachside Cafe,4,8,32
2023-11-20,Beverages,Downtown Branch,4,8,32
2023-11-25,Desserts,Beachside Cafe,4,8,32
2023-12-13,Desserts,Suburban Diner,4,8,32
2023-12-13,Appetizers,Beachside Cafe,4,8,32
2023-12-15,Beverages,Suburban Diner,4,8,32
2023-12-19,Appetizers,Suburban Diner,4,8,32
2023-12-24,Desserts,Beachside Cafe,4,8,32
2023-12-29,Desserts,Downtown Branch,4,8,32
2024-01-19,Appetizers,Beachside Cafe,4,8,32
2024-02-29,Desserts,Uptown Bistro,4,8,32
2024-03-18,Desserts,Beachside Cafe,4,8,32
2024-03-22,Appetizers,Uptown Bistro,4,8,32
2024-04-07,Appetizers,Beachside Cafe,4,8,32
2024-04-12,Desserts,Beachside Cafe,4,8,32
2024-04-12,Sides,Beachside Cafe,4,8,32
2024-04-16,Sides,Downtown Branch,4,8,32
2024-04-16,Beverages,Suburban Diner,4,8,32
2024-04-29,Appetizers,Downtown Branch,4,8,32
2024-05-07,Desserts,Suburban Diner,4,8,32
2024-05-08,Appetizers,Downtown Branch,4,8,32
2024-05-19,Beverages,Suburban Diner,4,8,32
2024-05-26,Appetizers,Suburban Diner,4,8,32
2024-06-03,Desserts,Suburban Diner,4,8,32
2024-06-03,Sides,Uptown Bistro,4,8,32
2024-06-08,Sides,Suburban Diner,4,8,32
2024-06-12,Desserts,Suburban Diner,4,8,32
2024-06-18,Appetizers,Beachside Cafe,4,8,32
2024-06-20,Sides,Uptown Bistro,4,8,32
2024-07-01,Sides,Downtown Branch,4,8,32
2024-07-02,Sides,Uptown Bistro,4,8,32
2024-07-04,Beverages,Beachside Cafe,4,8,32
2024-07-08,Desserts,Suburban Diner,4,8,32
2024-07-09,Sides,Downtown Branch,4,8,32
2024-07-16,Sides,Suburban Diner,4,8,32
2024-07-20,Beverages,Beachside Cafe,4,8,32
2024-07-28,Beverages,Uptown Bistro,4,8,32
2024-08-02,Desserts,Beachside Cafe,4,8,32
2024-08-05,Appetizers,Downtown Branch,4,8,32
2024-08-09,Sides,Downtown Branch,4,8,32
2024-08-21,Appetizers,Uptown Bistro,4,8,32
2024-08-24,Desserts,Downtown Branch,4,8,32
2024-09-09,Sides,Downtown Branch,4,8,32
2024-09-10,Desserts,Downtown Branch,4,8,32
2024-09-17,Sides,Beachside Cafe,4,8,32
2024-09-24,Appetizers,Beachside Cafe,4,8,32
2024-09-25,Desserts,Uptown Bistro,4,8,32
2024-10-10,Beverages,Beachside Cafe,4,8,32
2024-10-10,Sides,Beachside Cafe,4,8,32
2024-10-10,Desserts,Beachside Cafe,4,8,32
2024-11-02,Beverages,Uptown Bistro,4,8,32
2024-11-10,Beverages,Uptown Bistro,4,8,32
2024-11-16,Desserts,Beachside Cafe,4,8,32
2024-12-01,Appetizers,Beachside Cafe,4,8,32
2024-12-09,Beverages,Uptown Bistro,4,8,32
2024-12-19,Desserts,Downtown Branch,4,8,32
2024-12-23,Sides,Uptown Bistro,4,8,32
2024-12-23,Sides,Suburban Diner,4,8,32
2024-12-25,Desserts,Uptown Bistro,4,8,32
2024-12-27,Sides,Downtown Branch,4,8,32
2023-01-18,Appetizers,Suburban Diner,6,8,48
2023-01-18,Sides,Suburban Diner,6,8,48
2023-01-23,Sides,Downtown Branch,6,8,48
2023-01-24,Desserts,Uptown Bistro,6,8,48
2023-01-25,Desserts,Uptown Bistro,6,8,48
2023-01-27,Beverages,Beachside Cafe,6,8,48
2023-01-30,Appetizers,Uptown Bistro,6,8,48
2023-02-05,Sides,Downtown Branch,6,8,48
2023-02-13,Appetizers,Downtown Branch,6,8,48
2023-02-22,Beverages,Beachside Cafe,6,8,48
2023-02-23,Sides,Uptown Bistro,6,8,48
2023-02-28,Beverages,Suburban Diner,6,8,48
2023-03-02,Desserts,Downtown Branch,6,8,48
2023-03-14,Beverages,Suburban Diner,6,8,48
2023-03-16,Sides,Downtown Branch,6,8,48
2023-03-31,Sides,Uptown Bistro,6,8,48
2023-04-09,Desserts,Uptown Bistro,6,8,48
2023-04-21,Beverages,Beachside Cafe,6,8,48
2023-05-01,Sides,Downtown Branch,6,8,48
2023-05-26,Sides,Suburban Diner,6,8,48
2023-06-02,Desserts,Suburban Diner,6,8,48
2023-06-02,Desserts,Beachside Cafe,6,8,48
2023-06-06,Desserts,Suburban Diner,6,8,48
2023-06-09,Appetizers,Beachside Cafe,6,8,48
2023-06-14,Beverages,Downtown Branch,6,8,48
2023-06-16,Beverages,Suburban Diner,6,8,48
2023-06-25,Desserts,Uptown Bistro,6,8,48
2023-07-01,Appetizers,Downtown Branch,6,8,48
2023-07-04,Desserts,Downtown Branch,6,8,48
2023-07-06,Beverages,Suburban Diner,6,8,48
2023-07-08,Desserts,Suburban Diner,6,8,48
2023-07-20,Beverages,Downtown Branch,6,8,48
2023-07-26,Sides,Uptown Bistro,6,8,48
2023-08-27,Beverages,Uptown Bistro,6,8,48
2023-08-30,Desserts,Beachside Cafe,6,8,48
2023-09-02,Desserts,Downtown Branch,6,8,48
2023-09-07,Appetizers,Suburban Diner,6,8,48
2023-09-19,Sides,Uptown Bistro,6,8,48
2023-09-23,Appetizers,Downtown Branch,6,8,48
2023-09-23,Beverages,Suburban Diner,6,8,48
2023-09-26,Sides,Suburban Diner,6,8,48
2023-10-17,Sides,Beachside Cafe,6,8,48
2023-10-30,Desserts,Downtown Branch,6,8,48
2023-11-02,Beverages,Downtown Branch,6,8,48
2023-11-09,Beverages,Suburban Diner,6,8,48
2023-11-20,Appetizers,Suburban Diner,6,8,48
2023-11-23,Sides,Beachside Cafe,6,8,48
2023-12-05,Appetizers,Suburban Diner,6,8,48
2023-12-12,Desserts,Uptown Bistro,6,8,48
2023-12-24,Beverages,Uptown Bistro,6,8,48
2024-01-04,Desserts,Uptown Bistro,6,8,48
2024-01-05,Beverages,Beachside Cafe,6,8,48
2024-01-10,Sides,Downtown Branch,6,8,48
2024-01-12,Desserts,Uptown Bistro,6,8,48
2024-01-18,Appetizers,Beachside Cafe,6,8,48
2024-01-22,Appetizers,Beachside Cafe,6,8,48
2024-01-31,Desserts,Beachside Cafe,6,8,48
2024-02-16,Appetizers,Beachside Cafe,6,8,48
2024-02-17,Appetizers,Beachside Cafe,6,8,48
2024-02-19,Sides,Uptown Bistro,6,8,48
2024-03-02,Sides,Downtown Branch,6,8,48
2024-03-09,Sides,Beachside Cafe,6,8,48
2024-03-15,Sides,Suburban Diner,6,8,48
2024-03-19,Sides,Uptown Bistro,6,8,48
2024-03-27,Beverages,Uptown Bistro,6,8,48
2024-04-01,Beverages,Downtown Branch,6,8,48
2024-04-06,Sides,Beachside Cafe,6,8,48
2024-04-23,Beverages,Suburban Diner,6,8,48
2024-04-24,Desserts,Uptown Bistro,6,8,48
2024-05-02,Sides,Suburban Diner,6,8,48
2024-05-08,Appetizers,Beachside Cafe,6,8,48
2024-05-12,Desserts,Uptown Bistro,6,8,48
2024-05-28,Sides,Suburban Diner,6,8,48
2024-06-03,Desserts,Uptown Bistro,6,8,48
2024-06-20,Sides,Uptown Bistro,6,8,48
2024-06-27,Desserts,Uptown Bistro,6,8,48
2024-07-15,Appetizers,Downtown Branch,6,8,48
2024-07-20,Sides,Uptown Bistro,6,8,48
2024-08-11,Desserts,Downtown Branch,6,8,48
2024-08-15,Sides,Beachside Cafe,6,8,48
2024-08-25,Desserts,Suburban Diner,6,8,48
2024-08-26,Sides,Downtown Branch,6,8,48
2024-09-17,Appetizers,Beachside Cafe,6,8,48
2024-09-20,Desserts,Uptown Bistro,6,8,48
2024-10-02,Beverages,Downtown Branch,6,8,48
2024-10-17,Desserts,Suburban Diner,6,8,48
2024-10-17,Appetizers,Suburban Diner,6,8,48
2024-10-29,Beverages,Beachside Cafe,6,8,48
2024-12-10,Sides,Beachside Cafe,6,8,48
2024-12-16,Sides,Downtown Branch,6,8,48
2024-12-19,Beverages,Suburban Diner,6,8,48
2024-12-23,Appetizers,Downtown Branch,6,8,48
2024-12-25,Beverages,Uptown Bistro,6,8,48
2023-01-05,Appetizers,Downtown Branch,3,8,24
2023-01-16,Desserts,Downtown Branch,3,8,24
2023-02-03,Beverages,Uptown Bistro,3,8,24
2023-02-11,Sides,Suburban Diner,3,8,24
2023-02-26,Desserts,Downtown Branch,3,8,24
2023-03-11,Appetizers,Beachside Cafe,3,8,24
2023-03-12,Appetizers,Downtown Branch,3,8,24
2023-04-21,Desserts,Beachside Cafe,3,8,24
2023-04-22,Desserts,Suburban Diner,3,8,24
2023-05-12,Sides,Beachside Cafe,3,8,24
2023-05-16,Sides,Beachside Cafe,3,8,24
2023-05-19,Beverages,Uptown Bistro,3,8,24
2023-05-24,Appetizers,Downtown Branch,3,8,24
2023-05-26,Sides,Suburban Diner,3,8,24
2023-06-08,Desserts,Downtown Branch,3,8,24
2023-06-11,Sides,Suburban Diner,3,8,24
2023-06-15,Beverages,Downtown Branch,3,8,24
2023-06-30,Beverages,Suburban Diner,3,8,24
2023-07-02,Desserts,Uptown Bistro,3,8,24
2023-07-06,Desserts,Beachside Cafe,3,8,24
2023-07-17,Appetizers,Suburban Diner,3,8,24
2023-07-30,Beverages,Downtown Branch,3,8,24
2023-08-02,Sides,Beachside Cafe,3,8,24
2023-08-11,Beverages,Downtown Branch,3,8,24
2023-08-15,Sides,Uptown Bistro,3,8,24
2023-08-29,Beverages,Uptown Bistro,3,8,24
2023-09-10,Sides,Beachside Cafe,3,8,24
2023-09-19,Sides,Suburban Diner,3,8,24
2023-09-26,Desserts,Uptown Bistro,3,8,24
2023-09-27,Appetizers,Uptown Bistro,3,8,24
2023-10-03,Appetizers,Beachside Cafe,3,8,24
2023-10-08,Beverages,Uptown Bistro,3,8,24
2023-10-26,Desserts,Uptown Bistro,3,8,24
2023-11-03,Sides,Downtown Branch,3,8,24
2023-11-19,Appetizers,Downtown Branch,3,8,24
2023-12-01,Beverages,Uptown Bistro,3,8,24
2023-12-06,Appetizers,Downtown Branch,3,8,24
2023-12-07,Desserts,Suburban Diner,3,8,24
2023-12-09,Sides,Uptown Bistro,3,8,24
2023-12-28,Desserts,Downtown Branch,3,8,24
2023-12-31,Beverages,Uptown Bistro,3,8,24
2024-01-10,Sides,Beachside Cafe,3,8,24
2024-01-19,Appetizers,Uptown Bistro,3,8,24
2024-02-01,Beverages,Downtown Branch,3,8,24
2024-02-13,Desserts,Beachside Cafe,3,8,24
2024-02-19,Sides,Downtown Branch,3,8,24
2024-02-21,Beverages,Downtown Branch,3,8,24
2024-03-06,Appetizers,Beachside Cafe,3,8,24
2024-03-07,Sides,Beachside Cafe,3,8,24
2024-03-21,Sides,Suburban Diner,3,8,24
2024-03-25,Appetizers,Beachside Cafe,3,8,24
2024-04-04,Sides,Beachside Cafe,3,8,24
2024-04-08,Desserts,Beachside Cafe,3,8,24
2024-04-13,Sides,Suburban Diner,3,8,24
2024-04-15,Beverages,Uptown Bistro,3,8,24
2024-05-04,Sides,Beachside Cafe,3,8,24
2024-05-05,Appetizers,Downtown Branch,3,8,24
2024-05-05,Appetizers,Downtown Branch,3,8,24
2024-05-09,Desserts,Suburban Diner,3,8,24
2024-05-12,Appetizers,Suburban Diner,3,8,24
2024-05-28,Appetizers,Beachside Cafe,3,8,24
2024-06-09,Beverages,Downtown Branch,3,8,24
2024-06-20,Appetizers,Downtown Branch,3,8,24
2024-06-25,Beverages,Beachside Cafe,3,8,24
2024-06-26,Beverages,Suburban Diner,3,8,24
2024-07-09,Sides,Uptown Bistro,3,8,24
2024-07-12,Beverages,Downtown Branch,3,8,24
2024-07-14,Beverages,Downtown Branch,3,8,24
2024-07-15,Appetizers,Uptown Bistro,3,8,24
2024-07-21,Sides,Beachside Cafe,3,8,24
2024-07-26,Appetizers,Beachside Cafe,3,8,24
2024-07-26,Sides,Uptown Bistro,3,8,24
2024-07-26,Appetizers,Suburban Diner,3,8,24
2024-08-18,Desserts,Downtown Branch,3,8,24
2024-08-30,Sides,Beachside Cafe,3,8,24
2024-08-31,Desserts,Uptown Bistro,3,8,24
2024-09-09,Beverages,Uptown Bistro,3,8,24
2024-09-23,Sides,Downtown Branch,3,8,24
2024-10-10,Appetizers,Suburban Diner,3,8,24
2024-10-20,Sides,Downtown Branch,3,8,24
2024-11-17,Appetizers,Downtown Branch,3,8,24
2024-11-18,Appetizers,Suburban Diner,3,8,24
2024-11-21,Appetizers,Beachside Cafe,3,8,24
2024-12-14,Beverages,Uptown Bistro,3,8,24
2024-12-22,Appetizers,Beachside Cafe,3,8,24
2024-12-23,Desserts,Suburban Diner,3,8,24
2024-12-29,Sides,Suburban Diner,3,8,24
2023-01-07,Desserts,Uptown Bistro,1,8,8
2023-01-11,Appetizers,Suburban Diner,1,8,8
2023-01-24,Sides,Downtown Branch,1,8,8
2023-02-03,Desserts,Downtown Branch,1,8,8
2023-02-11,Appetizers,Uptown Bistro,1,8,8
2023-02-14,Sides,Downtown Branch,1,8,8
2023-03-29,Appetizers,Uptown Bistro,1,8,8
2023-04-02,Appetizers,Uptown Bistro,1,8,8
2023-04-08,Beverages,Downtown Branch,1,8,8
2023-04-11,Sides,Beachside Cafe,1,8,8
2023-04-11,Beverages,Suburban Diner,1,8,8
2023-04-11,Desserts,Beachside Cafe,1,8,8
2023-04-20,Sides,Uptown Bistro,1,8,8
2023-05-03,Desserts,Uptown Bistro,1,8,8
2023-05-07,Beverages,Uptown Bistro,1,8,8
2023-05-20,Desserts,Suburban Diner,1,8,8
2023-05-29,Desserts,Suburban Diner,1,8,8
2023-06-14,Appetizers,Uptown Bistro,1,8,8
2023-07-05,Appetizers,Beachside Cafe,1,8,8
2023-07-10,Desserts,Suburban Diner,1,8,8
2023-07-15,Desserts,Downtown Branch,1,8,8
2023-07-18,Sides,Uptown Bistro,1,8,8
2023-08-28,Desserts,Suburban Diner,1,8,8
2023-08-29,Sides,Suburban Diner,1,8,8
2023-09-06,Desserts,Downtown Branch,1,8,8
2023-09-06,Appetizers,Beachside Cafe,1,8,8
2023-10-02,Desserts,Uptown Bistro,1,8,8
2023-10-06,Sides,Downtown Branch,1,8,8
2023-10-29,Desserts,Suburban Diner,1,8,8
2023-10-30,Appetizers,Suburban Diner,1,8,8
2023-11-07,Appetizers,Downtown Branch,1,8,8
2023-11-13,Appetizers,Downtown Branch,1,8,8
2023-11-23,Desserts,Suburban Diner,1,8,8
2023-11-27,Desserts,Suburban Diner,1,8,8
2023-12-14,Sides,Suburban Diner,1,8,8
2023-12-14,Sides,Uptown Bistro,1,8,8
2023-12-18,Beverages,Suburban Diner,1,8,8
2023-12-29,Appetizers,Suburban Diner,1,8,8
2024-01-04,Beverages,Beachside Cafe,1,8,8
2024-01-08,Desserts,Suburban Diner,1,8,8
2024-01-09,Desserts,Beachside Cafe,1,8,8
2024-01-25,Sides,Beachside Cafe,1,8,8
2024-02-04,Sides,Suburban Diner,1,8,8
2024-02-08,Sides,Suburban Diner,1,8,8
2024-02-14,Beverages,Beachside Cafe,1,8,8
2024-02-16,Beverages,Suburban Diner,1,8,8
2024-02-17,Sides,Beachside Cafe,1,8,8
2024-02-20,Desserts,Uptown Bistro,1,8,8
2024-03-01,Desserts,Suburban Diner,1,8,8
2024-03-05,Desserts,Uptown Bistro,1,8,8
2024-03-09,Sides,Suburban Diner,1,8,8
2024-03-16,Desserts,Downtown Branch,1,8,8
2024-04-02,Appetizers,Downtown Branch,1,8,8
2024-04-06,Desserts,Uptown Bistro,1,8,8
2024-04-06,Sides,Uptown Bistro,1,8,8
2024-04-12,Sides,Downtown Branch,1,8,8
2024-04-16,Appetizers,Beachside Cafe,1,8,8
2024-04-18,Sides,Beachside Cafe,1,8,8
2024-05-16,Appetizers,Downtown Branch,1,8,8
2024-06-02,Sides,Downtown Branch,1,8,8
2024-06-23,Sides,Uptown Bistro,1,8,8
2024-06-26,Appetizers,Uptown Bistro,1,8,8
2024-07-03,Beverages,Beachside Cafe,1,8,8
2024-07-07,Beverages,Suburban Diner,1,8,8
2024-07-17,Desserts,Suburban Diner,1,8,8
2024-07-19,Appetizers,Downtown Branch,1,8,8
2024-08-02,Appetizers,Beachside Cafe,1,8,8
2024-08-03,Sides,Uptown Bistro,1,8,8
2024-08-15,Appetizers,Uptown Bistro,1,8,8
2024-08-15,Appetizers,Suburban Diner,1,8,8
2024-08-27,Sides,Uptown Bistro,1,8,8
2024-09-05,Appetizers,Uptown Bistro,1,8,8
2024-09-07,Sides,Downtown Branch,1,8,8
2024-09-28,Beverages,Downtown Branch,1,8,8
2024-10-02,Beverages,Suburban Diner,1,8,8
2024-10-12,Sides,Uptown Bistro,1,8,8
2024-10-15,Sides,Uptown Bistro,1,8,8
2024-10-20,Sides,Beachside Cafe,1,8,8
2024-10-24,Desserts,Uptown Bistro,1,8,8
2024-10-29,Sides,Uptown Bistro,1,8,8
2024-11-26,Beverages,Downtown Branch,1,8,8
2024-11-30,Sides,Uptown Bistro,1,8,8
2024-12-10,Desserts,Downtown Branch,1,8,8
2024-12-13,Appetizers,Uptown Bistro,1,8,8
2024-12-15,Appetizers,Downtown Branch,1,8,8
2024-12-26,Desserts,Beachside Cafe,1,8,8
2023-01-12,Appetizers,Beachside Cafe,5,8,40
2023-01-15,Sides,Beachside Cafe,5,8,40
2023-01-19,Sides,Suburban Diner,5,8,40
2023-01-27,Desserts,Suburban Diner,5,8,40
2023-02-13,Desserts,Uptown Bistro,5,8,40
2023-02-23,Appetizers,Suburban Diner,5,8,40
2023-02-27,Sides,Uptown Bistro,5,8,40
2023-03-16,Beverages,Suburban Diner,5,8,40
2023-03-16,Beverages,Downtown Branch,5,8,40
2023-03-25,Sides,Suburban Diner,5,8,40
2023-03-28,Sides,Beachside Cafe,5,8,40
2023-04-29,Desserts,Suburban Diner,5,8,40
2023-05-18,Desserts,Suburban Diner,5,8,40
2023-05-21,Appetizers,Uptown Bistro,5,8,40
2023-05-25,Beverages,Uptown Bistro,5,8,40
2023-05-30,Desserts,Uptown Bistro,5,8,40
2023-06-02,Appetizers,Downtown Branch,5,8,40
2023-06-04,Appetizers,Downtown Branch,5,8,40
2023-06-16,Sides,Suburban Diner,5,8,40
2023-06-21,Desserts,Suburban Diner,5,8,40
2023-06-26,Sides,Uptown Bistro,5,8,40
2023-06-30,Sides,Beachside Cafe,5,8,40
2023-07-26,Sides,Beachside Cafe,5,8,40
2023-08-03,Sides,Uptown Bistro,5,8,40
2023-08-09,Desserts,Beachside Cafe,5,8,40
2023-08-18,Desserts,Uptown Bistro,5,8,40
2023-08-22,Beverages,Beachside Cafe,5,8,40
2023-08-26,Appetizers,Uptown Bistro,5,8,40
2023-09-04,Appetizers,Beachside Cafe,5,8,40
2023-09-18,Appetizers,Beachside Cafe,5,8,40
2023-09-21,Appetizers,Suburban Diner,5,8,40
2023-09-22,Appetizers,Uptown Bistro,5,8,40
2023-09-30,Beverages,Beachside Cafe,5,8,40
2023-09-30,Appetizers,Beachside Cafe,5,8,40
2023-10-07,Beverages,Beachside Cafe,5,8,40
2023-10-08,Appetizers,Downtown Branch,5,8,40
2023-10-19,Beverages,Beachside Cafe,5,8,40
2023-10-27,Sides,Beachside Cafe,5,8,40
2023-11-07,Beverages,Suburban Diner,5,8,40
2023-11-16,Appetizers,Beachside Cafe,5,8,40
2023-11-22,Desserts,Beachside Cafe,5,8,40
2023-11-25,Beverages,Beachside Cafe,5,8,40
2023-12-07,Beverages,Suburban Diner,5,8,40
2023-12-12,Appetizers,Beachside Cafe,5,8,40
2023-12-19,Appetizers,Beachside Cafe,5,8,40
2024-01-29,Beverages,Downtown Branch,5,8,40
2024-03-07,Sides,Suburban Diner,5,8,40
2024-03-21,Appetizers,Suburban Diner,5,8,40
2024-03-26,Appetizers,Uptown Bistro,5,8,40
2024-04-18,Appetizers,Suburban Diner,5,8,40
2024-05-03,Appetizers,Suburban Diner,5,8,40
2024-05-07,Appetizers,Downtown Branch,5,8,40
2024-05-14,Appetizers,Uptown Bistro,5,8,40
2024-05-14,Desserts,Beachside Cafe,5,8,40
2024-06-08,Desserts,Beachside Cafe,5,8,40
2024-06-18,Desserts,Suburban Diner,5,8,40
2024-06-18,Sides,Beachside Cafe,5,8,40
2024-06-26,Appetizers,Uptown Bistro,5,8,40
2024-07-02,Appetizers,Beachside Cafe,5,8,40
2024-07-04,Sides,Suburban Diner,5,8,40
2024-07-09,Appetizers,Suburban Diner,5,8,40
2024-07-18,Beverages,Beachside Cafe,5,8,40
2024-07-23,Beverages,Beachside Cafe,5,8,40
2024-07-27,Sides,Uptown Bistro,5,8,40
2024-08-02,Beverages,Uptown Bistro,5,8,40
2024-08-12,Appetizers,Beachside Cafe,5,8,40
2024-08-20,Appetizers,Uptown Bistro,5,8,40
2024-09-05,Desserts,Suburban Diner,5,8,40
2024-09-12,Desserts,Downtown Branch,5,8,40
2024-09-20,Desserts,Beachside Cafe,5,8,40
2024-10-02,Desserts,Beachside Cafe,5,8,40
2024-10-04,Appetizers,Uptown Bistro,5,8,40
2024-10-05,Desserts,Uptown Bistro,5,8,40
2024-10-08,Desserts,Downtown Branch,5,8,40
2024-10-09,Desserts,Suburban Diner,5,8,40
2024-10-15,Sides,Beachside Cafe,5,8,40
2024-10-23,Beverages,Beachside Cafe,5,8,40
2024-11-06,Desserts,Suburban Diner,5,8,40
2024-11-24,Desserts,Downtown Branch,5,8,40
2024-11-27,Appetizers,Uptown Bistro,5,8,40
2024-12-19,Sides,Beachside Cafe,5,8,40
2024-12-20,Appetizers,Beachside Cafe,5,8,40
2024-12-26,Beverages,Uptown Bistro,5,8,40
2024-12-30,Beverages,Uptown Bistro,5,8,40
2023-01-12,Beverages,Beachside Cafe,2,8,16
2023-01-17,Desserts,Beachside Cafe,2,8,16
2023-01-18,Sides,Suburban Diner,2,8,16
2023-01-29,Beverages,Suburban Diner,2,8,16
2023-02-05,Desserts,Uptown Bistro,2,8,16
2023-02-13,Beverages,Suburban Diner,2,8,16
2023-02-16,Appetizers,Uptown Bistro,2,8,16
2023-02-17,Desserts,Downtown Branch,2,8,16
2023-02-17,Beverages,Beachside Cafe,2,8,16
2023-02-24,Sides,Suburban Diner,2,8,16
2023-02-27,Appetizers,Uptown Bistro,2,8,16
2023-02-28,Sides,Downtown Branch,2,8,16
2023-03-06,Desserts,Downtown Branch,2,8,16
2023-03-07,Appetizers,Downtown Branch,2,8,16
2023-03-25,Beverages,Beachside Cafe,2,8,16
2023-03-26,Appetizers,Beachside Cafe,2,8,16
2023-04-08,Appetizers,Uptown Bistro,2,8,16
2023-04-09,Sides,Downtown Branch,2,8,16
2023-05-08,Appetizers,Beachside Cafe,2,8,16
2023-05-11,Sides,Uptown Bistro,2,8,16
2023-05-12,Beverages,Uptown Bistro,2,8,16
2023-05-24,Desserts,Beachside Cafe,2,8,16
2023-06-03,Sides,Suburban Diner,2,8,16
2023-06-12,Desserts,Beachside Cafe,2,8,16
2023-06-16,Sides,Beachside Cafe,2,8,16
2023-06-19,Appetizers,Beachside Cafe,2,8,16
2023-06-22,Appetizers,Suburban Diner,2,8,16
2023-06-30,Beverages,Beachside Cafe,2,8,16
2023-07-02,Sides,Downtown Branch,2,8,16
2023-07-02,Desserts,Downtown Branch,2,8,16
2023-07-06,Appetizers,Downtown Branch,2,8,16
2023-07-06,Beverages,Beachside Cafe,2,8,16
2023-07-14,Sides,Uptown Bistro,2,8,16
2023-08-21,Appetizers,Uptown Bistro,2,8,16
2023-08-27,Sides,Downtown Branch,2,8,16
2023-08-31,Sides,Suburban Diner,2,8,16
2023-09-23,Appetizers,Downtown Branch,2,8,16
2023-09-25,Appetizers,Downtown Branch,2,8,16
2023-10-17,Sides,Uptown Bistro,2,8,16
2023-10-28,Beverages,Uptown Bistro,2,8,16
2023-10-30,Appetizers,Beachside Cafe,2,8,16
2023-11-02,Desserts,Downtown Branch,2,8,16
2023-11-12,Beverages,Suburban Diner,2,8,16
2023-11-28,Beverages,Uptown Bistro,2,8,16
2023-12-03,Sides,Downtown Branch,2,8,16
2023-12-17,Sides,Downtown Branch,2,8,16
2024-01-25,Desserts,Suburban Diner,2,8,16
2024-01-26,Appetizers,Uptown Bistro,2,8,16
2024-01-27,Appetizers,Uptown Bistro,2,8,16
2024-02-27,Beverages,Uptown Bistro,2,8,16
2024-03-17,Beverages,Suburban Diner,2,8,16
2024-04-03,Sides,Uptown Bistro,2,8,16
2024-04-18,Sides,Suburban Diner,2,8,16
2024-04-27,Appetizers,Suburban Diner,2,8,16
2024-05-12,Desserts,Downtown Branch,2,8,16
2024-05-17,Desserts,Uptown Bistro,2,8,16
2024-05-17,Beverages,Downtown Branch,2,8,16
2024-05-28,Desserts,Suburban Diner,2,8,16
2024-06-14,Sides,Uptown Bistro,2,8,16
2024-06-19,Beverages,Downtown Branch,2,8,16
2024-06-27,Appetizers,Beachside Cafe,2,8,16
2024-07-15,Desserts,Beachside Cafe,2,8,16
2024-08-27,Appetizers,Beachside Cafe,2,8,16
2024-09-17,Desserts,Downtown Branch,2,8,16
2024-10-04,Beverages,Downtown Branch,2,8,16
2024-10-05,Sides,Suburban Diner,2,8,16
2024-10-07,Desserts,Suburban Diner,2,8,16
2024-10-13,Appetizers,Beachside Cafe,2,8,16
2024-10-19,Desserts,Beachside Cafe,2,8,16
2024-10-30,Appetizers,Uptown Bistro,2,8,16
2024-11-05,Sides,Downtown Branch,2,8,16
2024-11-20,Sides,Suburban Diner,2,8,16
2024-12-01,Sides,Uptown Bistro,2,8,16
2024-12-24,Desserts,Beachside Cafe,2,8,16
2024-12-24,Appetizers,Suburban Diner,2,8,16
2023-01-08,Desserts,Downtown Branch,5,7,35
2023-01-22,Desserts,Downtown Branch,4,7,28
2023-01-24,Desserts,Downtown Branch,1,7,7
2023-02-02,Sides,Suburban Diner,5,7,35
2023-02-02,Beverages,Downtown Branch,1,7,7
2023-02-02,Sides,Suburban Diner,3,7,21
2023-02-09,Sides,Uptown Bistro,4,7,28
2023-02-13,Sides,Suburban Diner,4,7,28
2023-02-18,Desserts,Suburban Diner,4,7,28
2023-02-25,Desserts,Beachside Cafe,3,7,21
2023-02-27,Desserts,Uptown Bistro,3,7,21
2023-03-11,Beverages,Uptown Bistro,3,7,21
2023-03-18,Desserts,Uptown Bistro,5,7,35
2023-03-19,Desserts,Downtown Branch,5,7,35
2023-03-23,Sides,Downtown Branch,3,7,21
2023-03-24,Sides,Downtown Branch,4,7,28
2023-03-28,Sides,Suburban Diner,4,7,28
2023-03-30,Beverages,Beachside Cafe,1,7,7
2023-04-01,Sides,Suburban Diner,5,7,35
2023-04-01,Desserts,Downtown Branch,3,7,21
2023-04-04,Sides,Downtown Branch,5,7,35
2023-04-12,Desserts,Uptown Bistro,4,7,28
2023-04-14,Desserts,Beachside Cafe,1,7,7
2023-04-14,Sides,Uptown Bistro,1,7,7
2023-04-15,Desserts,Suburban Diner,5,7,35
2023-04-20,Beverages,Suburban Diner,1,7,7
2023-04-21,Sides,Beachside Cafe,4,7,28
2023-04-26,Sides,Beachside Cafe,5,7,35
2023-05-02,Sides,Uptown Bistro,3,7,21
2023-05-02,Beverages,Beachside Cafe,1,7,7
2023-05-04,Sides,Suburban Diner,3,7,21
2023-05-06,Desserts,Uptown Bistro,3,7,21
2023-05-16,Sides,Beachside Cafe,3,7,21
2023-05-24,Sides,Uptown Bistro,3,7,21
2023-05-28,Desserts,Suburban Diner,5,7,35
2023-05-30,Desserts,Uptown Bistro,5,7,35
2023-06-01,Desserts,Suburban Diner,4,7,28
2023-06-17,Beverages,Uptown Bistro,5,7,35
2023-06-26,Desserts,Downtown Branch,3,7,21
2023-06-28,Sides,Beachside Cafe,3,7,21
2023-06-30,Beverages,Beachside Cafe,4,7,28
2023-07-06,Desserts,Beachside Cafe,3,7,21
2023-07-08,Beverages,Uptown Bistro,5,7,35
2023-07-08,Beverages,Beachside Cafe,5,7,35
2023-07-15,Sides,Downtown Branch,4,7,28
2023-07-15,Beverages,Downtown Branch,4,7,28
2023-07-19,Sides,Uptown Bistro,1,7,7
2023-07-20,Desserts,Uptown Bistro,1,7,7
2023-07-20,Beverages,Suburban Diner,5,7,35
2023-07-21,Beverages,Beachside Cafe,3,7,21
2023-07-28,Beverages,Suburban Diner,1,7,7
2023-08-08,Desserts,Uptown Bistro,3,7,21
2023-08-09,Sides,Downtown Branch,1,7,7
2023-08-15,Sides,Uptown Bistro,3,7,21
2023-08-17,Sides,Suburban Diner,5,7,35
2023-08-27,Beverages,Uptown Bistro,4,7,28
2023-08-30,Sides,Uptown Bistro,4,7,28
2023-08-31,Beverages,Uptown Bistro,1,7,7
2023-09-05,Sides,Suburban Diner,5,7,35
2023-09-10,Sides,Uptown Bistro,5,7,35
2023-09-16,Desserts,Suburban Diner,4,7,28
2023-09-20,Sides,Suburban Diner,3,7,21
2023-09-21,Desserts,Downtown Branch,5,7,35
2023-09-22,Beverages,Beachside Cafe,3,7,21
2023-09-23,Desserts,Beachside Cafe,1,7,7
2023-09-27,Sides,Uptown Bistro,1,7,7
2023-09-29,Desserts,Suburban Diner,4,7,28
2023-09-30,Beverages,Beachside Cafe,1,7,7
2023-10-02,Desserts,Suburban Diner,5,7,35
2023-10-02,Sides,Uptown Bistro,5,7,35
2023-10-05,Sides,Downtown Branch,3,7,21
2023-10-08,Desserts,Beachside Cafe,4,7,28
2023-10-13,Desserts,Suburban Diner,4,7,28
2023-10-17,Desserts,Suburban Diner,1,7,7
2023-10-20,Desserts,Downtown Branch,3,7,21
2023-10-22,Desserts,Downtown Branch,1,7,7
2023-11-09,Desserts,Suburban Diner,3,7,21
2023-11-09,Sides,Uptown Bistro,3,7,21
2023-11-09,Sides,Downtown Branch,4,7,28
2023-11-10,Sides,Beachside Cafe,5,7,35
2023-11-10,Desserts,Downtown Branch,3,7,21
2023-11-12,Sides,Beachside Cafe,3,7,21
2023-11-14,Sides,Uptown Bistro,3,7,21
2023-11-30,Desserts,Suburban Diner,4,7,28
2023-11-30,Desserts,Uptown Bistro,3,7,21
2023-12-02,Sides,Uptown Bistro,1,7,7
2023-12-06,Desserts,Downtown Branch,4,7,28
2023-12-07,Sides,Suburban Diner,4,7,28
2023-12-09,Desserts,Suburban Diner,1,7,7
2023-12-17,Beverages,Beachside Cafe,5,7,35
2023-12-22,Sides,Downtown Branch,5,7,35
2023-12-23,Desserts,Uptown Bistro,1,7,7
2023-12-24,Desserts,Beachside Cafe,1,7,7
2023-12-26,Desserts,Uptown Bistro,1,7,7
2023-12-27,Beverages,Downtown Branch,3,7,21
2023-12-29,Sides,Uptown Bistro,5,7,35
2024-01-07,Sides,Downtown Branch,4,7,28
2024-01-08,Beverages,Beachside Cafe,4,7,28
2024-01-09,Desserts,Beachside Cafe,4,7,28
2024-01-12,Sides,Downtown Branch,1,7,7
2024-01-14,Desserts,Beachside Cafe,1,7,7
2024-01-17,Beverages,Downtown Branch,5,7,35
2024-01-22,Sides,Suburban Diner,3,7,21
2024-01-25,Sides,Downtown Branch,3,7,21
2024-01-29,Sides,Suburban Diner,4,7,28
2024-01-29,Beverages,Beachside Cafe,4,7,28
2024-02-05,Beverages,Suburban Diner,3,7,21
2024-02-07,Desserts,Beachside Cafe,3,7,21
2024-02-28,Beverages,Uptown Bistro,3,7,21
2024-02-28,Beverages,Downtown Branch,5,7,35
2024-02-29,Desserts,Downtown Branch,3,7,21
2024-03-04,Beverages,Downtown Branch,3,7,21
2024-03-04,Desserts,Uptown Bistro,4,7,28
2024-03-10,Sides,Uptown Bistro,5,7,35
2024-03-11,Beverages,Uptown Bistro,3,7,21
2024-03-21,Beverages,Uptown Bistro,1,7,7
2024-03-25,Sides,Downtown Branch,5,7,35
2024-03-27,Beverages,Suburban Diner,3,7,21
2024-03-27,Sides,Downtown Branch,5,7,35
2024-03-31,Beverages,Downtown Branch,3,7,21
2024-04-05,Beverages,Beachside Cafe,1,7,7
2024-04-08,Desserts,Suburban Diner,3,7,21
2024-04-10,Beverages,Beachside Cafe,5,7,35
2024-04-11,Beverages,Downtown Branch,1,7,7
2024-04-13,Sides,Uptown Bistro,5,7,35
2024-04-16,Desserts,Beachside Cafe,4,7,28
2024-04-22,Beverages,Suburban Diner,1,7,7
2024-05-01,Sides,Suburban Diner,3,7,21
2024-05-03,Beverages,Downtown Branch,3,7,21
2024-05-03,Beverages,Suburban Diner,5,7,35
2024-05-03,Beverages,Suburban Diner,5,7,35
2024-05-03,Sides,Downtown Branch,5,7,35
2024-05-06,Beverages,Suburban Diner,5,7,35
2024-05-09,Desserts,Uptown Bistro,4,7,28
2024-05-10,Sides,Uptown Bistro,3,7,21
2024-05-10,Sides,Suburban Diner,5,7,35
2024-05-15,Sides,Downtown Branch,5,7,35
2024-05-22,Sides,Suburban Diner,1,7,7
2024-05-23,Sides,Downtown Branch,1,7,7
2024-05-25,Sides,Beachside Cafe,3,7,21
2024-05-26,Beverages,Beachside Cafe,1,7,7
2024-06-02,Sides,Suburban Diner,5,7,35
2024-06-04,Beverages,Downtown Branch,4,7,28
2024-06-04,Desserts,Suburban Diner,5,7,35
2024-06-08,Beverages,Suburban Diner,4,7,28
2024-06-10,Sides,Uptown Bistro,3,7,21
2024-06-13,Desserts,Uptown Bistro,4,7,28
2024-06-13,Desserts,Downtown Branch,4,7,28
2024-06-19,Beverages,Beachside Cafe,5,7,35
2024-06-22,Sides,Downtown Branch,3,7,21
2024-06-22,Desserts,Beachside Cafe,3,7,21
2024-06-24,Desserts,Suburban Diner,3,7,21
2024-06-26,Beverages,Downtown Branch,3,7,21
2024-07-04,Desserts,Suburban Diner,4,7,28
2024-07-08,Desserts,Uptown Bistro,4,7,28
2024-07-09,Beverages,Downtown Branch,1,7,7
2024-07-15,Desserts,Beachside Cafe,3,7,21
2024-07-15,Sides,Uptown Bistro,5,7,35
2024-07-20,Beverages,Beachside Cafe,5,7,35
2024-07-25,Beverages,Beachside Cafe,4,7,28
2024-07-30,Sides,Downtown Branch,3,7,21
2024-08-01,Sides,Beachside Cafe,5,7,35
2024-08-02,Desserts,Suburban Diner,5,7,35
2024-08-02,Desserts,Downtown Branch,4,7,28
2024-08-05,Desserts,Uptown Bistro,5,7,35
2024-08-06,Sides,Downtown Branch,5,7,35
2024-08-09,Desserts,Beachside Cafe,5,7,35
2024-08-17,Sides,Uptown Bistro,5,7,35
2024-08-23,Beverages,Suburban Diner,1,7,7
2024-08-24,Desserts,Downtown Branch,1,7,7
2024-08-26,Beverages,Suburban Diner,5,7,35
2024-08-29,Desserts,Downtown Branch,5,7,35
2024-08-29,Sides,Suburban Diner,5,7,35
2024-09-02,Desserts,Suburban Diner,4,7,28
2024-09-02,Beverages,Uptown Bistro,5,7,35
2024-09-07,Sides,Downtown Branch,3,7,21
2024-09-07,Beverages,Beachside Cafe,4,7,28
2024-09-08,Sides,Uptown Bistro,1,7,7
2024-09-08,Desserts,Uptown Bistro,1,7,7
2024-09-09,Beverages,Beachside Cafe,5,7,35
2024-09-12,Beverages,Uptown Bistro,4,7,28
2024-09-13,Sides,Uptown Bistro,1,7,7
2024-09-14,Sides,Beachside Cafe,5,7,35
2024-09-14,Sides,Suburban Diner,3,7,21
2024-09-23,Beverages,Downtown Branch,5,7,35
2024-09-24,Sides,Beachside Cafe,4,7,28
2024-09-24,Desserts,Downtown Branch,5,7,35
2024-09-28,Beverages,Downtown Branch,3,7,21
2024-10-04,Sides,Suburban Diner,5,7,35
2024-10-05,Beverages,Uptown Bistro,3,7,21
2024-10-07,Beverages,Downtown Branch,4,7,28
2024-10-11,Beverages,Suburban Diner,3,7,21
2024-10-12,Desserts,Downtown Branch,1,7,7
2024-10-25,Sides,Beachside Cafe,4,7,28
2024-10-26,Desserts,Suburban Diner,4,7,28
2024-10-27,Desserts,Uptown Bistro,3,7,21
2024-10-27,Beverages,Downtown Branch,5,7,35
2024-10-28,Sides,Downtown Branch,1,7,7
2024-11-07,Desserts,Uptown Bistro,5,7,35
2024-11-12,Sides,Downtown Branch,4,7,28
2024-11-14,Sides,Downtown Branch,5,7,35
2024-11-15,Beverages,Beachside Cafe,3,7,21
2024-11-18,Beverages,Downtown Branch,4,7,28
2024-11-19,Beverages,Beachside Cafe,1,7,7
2024-11-19,Beverages,Downtown Branch,5,7,35
2024-11-24,Desserts,Beachside Cafe,3,7,21
2024-11-25,Sides,Suburban Diner,4,7,28
2024-11-25,Beverages,Downtown Branch,4,7,28
2024-11-27,Sides,Suburban Diner,4,7,28
2024-12-02,Beverages,Uptown Bistro,1,7,7
2024-12-06,Sides,Downtown Branch,4,7,28
2024-12-06,Beverages,Beachside Cafe,3,7,21
2024-12-13,Desserts,Suburban Diner,3,7,21
2024-12-15,Sides,Downtown Branch,3,7,21
2024-12-15,Sides,Beachside Cafe,4,7,28
2024-12-17,Sides,Downtown Branch,1,7,7
2024-12-22,Beverages,Suburban Diner,4,7,28
2024-12-23,Desserts,Downtown Branch,5,7,35
2024-12-23,Desserts,Beachside Cafe,5,7,35
2024-12-26,Sides,Suburban Diner,3,7,21
2024-12-29,Sides,Beachside Cafe,3,7,21
2024-12-30,Beverages,Suburban Diner,4,7,28
2023-01-12,Sides,Beachside Cafe,2,7,14
2023-01-12,Desserts,Beachside Cafe,2,7,14
2023-02-15,Desserts,Suburban Diner,2,7,14
2023-03-03,Desserts,Uptown Bistro,2,7,14
2023-03-07,Desserts,Downtown Branch,2,7,14
2023-03-12,Sides,Suburban Diner,2,7,14
2023-03-28,Beverages,Suburban Diner,2,7,14
2023-04-13,Sides,Beachside Cafe,2,7,14
2023-06-07,Beverages,Suburban Diner,2,7,14
2023-06-18,Sides,Uptown Bistro,2,7,14
2023-07-02,Sides,Uptown Bistro,2,7,14
2023-07-20,Sides,Downtown Branch,2,7,14
2023-07-23,Beverages,Suburban Diner,2,7,14
2023-08-04,Desserts,Uptown Bistro,2,7,14
2023-08-24,Sides,Suburban Diner,2,7,14
2023-09-07,Beverages,Uptown Bistro,2,7,14
2023-09-11,Beverages,Downtown Branch,2,7,14
2023-10-06,Desserts,Suburban Diner,2,7,14
2023-11-02,Sides,Beachside Cafe,2,7,14
2023-11-09,Desserts,Beachside Cafe,2,7,14
2023-11-24,Sides,Downtown Branch,2,7,14
2023-11-29,Desserts,Uptown Bistro,2,7,14
2023-12-27,Desserts,Beachside Cafe,2,7,14
2024-01-01,Beverages,Suburban Diner,2,7,14
2024-01-08,Beverages,Downtown Branch,2,7,14
2024-01-18,Desserts,Uptown Bistro,2,7,14
2024-01-20,Sides,Suburban Diner,2,7,14
2024-01-31,Sides,Beachside Cafe,2,7,14
2024-02-28,Desserts,Beachside Cafe,2,7,14
2024-03-06,Sides,Uptown Bistro,2,7,14
2024-03-17,Beverages,Beachside Cafe,2,7,14
2024-03-23,Beverages,Beachside Cafe,2,7,14
2024-03-24,Desserts,Beachside Cafe,2,7,14
2024-04-03,Sides,Suburban Diner,2,7,14
2024-04-15,Beverages,Uptown Bistro,2,7,14
2024-04-29,Sides,Uptown Bistro,2,7,14
2024-05-15,Desserts,Uptown Bistro,2,7,14
2024-05-18,Desserts,Downtown Branch,2,7,14
2024-05-22,Sides,Downtown Branch,2,7,14
2024-06-16,Sides,Beachside Cafe,2,7,14
2024-06-25,Beverages,Uptown Bistro,2,7,14
2024-07-05,Desserts,Beachside Cafe,2,7,14
2024-07-19,Sides,Uptown Bistro,2,7,14
2024-08-04,Desserts,Uptown Bistro,2,7,14
2024-08-08,Beverages,Downtown Branch,2,7,14
2024-08-11,Beverages,Downtown Branch,2,7,14
2024-08-11,Beverages,Downtown Branch,2,7,14
2024-08-16,Sides,Downtown Branch,2,7,14
2024-08-17,Desserts,Downtown Branch,2,7,14
2024-08-17,Beverages,Downtown Branch,2,7,14
2024-09-22,Sides,Suburban Diner,2,7,14
2024-10-02,Beverages,Suburban Diner,2,7,14
2024-10-03,Beverages,Uptown Bistro,2,7,14
2024-10-28,Beverages,Beachside Cafe,2,7,14
2024-10-31,Desserts,Downtown Branch,2,7,14
2024-11-05,Sides,Uptown Bistro,2,7,14
2024-11-07,Desserts,Uptown Bistro,2,7,14
2024-11-07,Sides,Suburban Diner,2,7,14
2024-11-30,Beverages,Downtown Branch,2,7,14
2024-12-01,Desserts,Beachside Cafe,2,7,14
2024-12-03,Desserts,Beachside Cafe,2,7,14
2024-12-21,Beverages,Suburban Diner,2,7,14
2024-12-23,Sides,Beachside Cafe,2,7,14
2024-12-28,Desserts,Downtown Branch,2,7,14
2023-01-21,Sides,Beachside Cafe,6,7,42
2023-01-22,Sides,Downtown Branch,6,7,42
2023-02-01,Sides,Beachside Cafe,6,7,42
2023-02-03,Sides,Beachside Cafe,6,7,42
2023-02-07,Beverages,Downtown Branch,6,7,42
2023-02-09,Sides,Suburban Diner,6,7,42
2023-02-21,Sides,Downtown Branch,6,7,42
2023-03-01,Desserts,Uptown Bistro,6,7,42
2023-03-26,Beverages,Beachside Cafe,6,7,42
2023-04-19,Beverages,Beachside Cafe,6,7,42
2023-04-19,Beverages,Beachside Cafe,6,7,42
2023-04-21,Sides,Beachside Cafe,6,7,42
2023-04-30,Desserts,Downtown Branch,6,7,42
2023-05-04,Desserts,Suburban Diner,6,7,42
2023-05-05,Sides,Beachside Cafe,6,7,42
2023-05-09,Beverages,Downtown Branch,6,7,42
2023-05-21,Beverages,Uptown Bistro,6,7,42
2023-05-25,Desserts,Uptown Bistro,6,7,42
2023-06-20,Desserts,Downtown Branch,6,7,42
2023-06-24,Beverages,Suburban Diner,6,7,42
2023-07-28,Beverages,Suburban Diner,6,7,42
2023-08-05,Desserts,Suburban Diner,6,7,42
2023-08-06,Sides,Beachside Cafe,6,7,42
2023-08-14,Beverages,Uptown Bistro,6,7,42
2023-08-16,Sides,Downtown Branch,6,7,42
2023-08-21,Desserts,Downtown Branch,6,7,42
2023-08-31,Desserts,Downtown Branch,6,7,42
2023-09-27,Beverages,Beachside Cafe,6,7,42
2023-10-05,Beverages,Beachside Cafe,6,7,42
2023-10-30,Beverages,Suburban Diner,6,7,42
2023-11-16,Desserts,Downtown Branch,6,7,42
2023-11-17,Sides,Uptown Bistro,6,7,42
2023-11-19,Sides,Downtown Branch,6,7,42
2023-11-26,Beverages,Uptown Bistro,6,7,42
2023-11-26,Beverages,Uptown Bistro,6,7,42
2023-12-17,Beverages,Uptown Bistro,6,7,42
2023-12-18,Beverages,Downtown Branch,6,7,42
2024-01-11,Sides,Downtown Branch,6,7,42
2024-01-26,Beverages,Beachside Cafe,6,7,42
2024-01-29,Sides,Suburban Diner,6,7,42
2024-02-04,Beverages,Beachside Cafe,6,7,42
2024-02-05,Desserts,Suburban Diner,6,7,42
2024-03-15,Beverages,Downtown Branch,6,7,42
2024-03-22,Desserts,Uptown Bistro,6,7,42
2024-03-29,Sides,Uptown Bistro,6,7,42
2024-04-01,Sides,Beachside Cafe,6,7,42
2024-04-05,Beverages,Downtown Branch,6,7,42
2024-05-02,Desserts,Suburban Diner,6,7,42
2024-05-17,Desserts,Beachside Cafe,6,7,42
2024-05-23,Beverages,Uptown Bistro,6,7,42
2024-05-27,Beverages,Suburban Diner,6,7,42
2024-06-14,Beverages,Suburban Diner,6,7,42
2024-06-18,Desserts,Suburban Diner,6,7,42
2024-07-03,Desserts,Downtown Branch,6,7,42
2024-07-09,Desserts,Downtown Branch,6,7,42
2024-07-10,Sides,Suburban Diner,6,7,42
2024-07-10,Sides,Downtown Branch,6,7,42
2024-07-23,Desserts,Downtown Branch,6,7,42
2024-08-09,Beverages,Suburban Diner,6,7,42
2024-08-13,Sides,Uptown Bistro,6,7,42
2024-08-25,Desserts,Suburban Diner,6,7,42
2024-08-26,Desserts,Suburban Diner,6,7,42
2024-08-29,Beverages,Uptown Bistro,6,7,42
2024-08-31,Sides,Beachside Cafe,6,7,42
2024-09-07,Beverages,Beachside Cafe,6,7,42
2024-09-23,Beverages,Downtown Branch,6,7,42
2024-09-24,Beverages,Uptown Bistro,6,7,42
2024-10-04,Desserts,Downtown Branch,6,7,42
2024-10-27,Sides,Uptown Bistro,6,7,42
2024-10-29,Desserts,Downtown Branch,6,7,42
2024-11-08,Sides,Beachside Cafe,6,7,42
2024-11-19,Sides,Suburban Diner,6,7,42
2024-11-26,Desserts,Beachside Cafe,6,7,42
2024-12-17,Beverages,Uptown Bistro,6,7,42
2024-12-22,Sides,Beachside Cafe,6,7,42
2024-12-25,Beverages,Beachside Cafe,6,7,42
2023-01-31,Desserts,Beachside Cafe,6,6,36
2023-02-03,Desserts,Beachside Cafe,2,6,12
2023-02-08,Desserts,Suburban Diner,1,6,6
2023-02-23,Desserts,Suburban Diner,4,6,24
2023-02-26,Desserts,Suburban Diner,1,6,6
2023-03-11,Desserts,Beachside Cafe,1,6,6
2023-03-17,Desserts,Uptown Bistro,2,6,12
2023-03-23,Desserts,Uptown Bistro,1,6,6
2023-04-17,Desserts,Uptown Bistro,1,6,6
2023-05-12,Desserts,Suburban Diner,3,6,18
2023-05-14,Desserts,Downtown Branch,6,6,36
2023-05-22,Desserts,Beachside Cafe,3,6,18
2023-05-25,Desserts,Uptown Bistro,1,6,6
2023-05-25,Desserts,Beachside Cafe,4,6,24
2023-05-30,Desserts,Beachside Cafe,3,6,18
2023-06-04,Desserts,Downtown Branch,1,6,6
2023-06-10,Desserts,Suburban Diner,3,6,18
2023-06-12,Desserts,Suburban Diner,3,6,18
2023-06-15,Desserts,Suburban Diner,6,6,36
2023-06-15,Desserts,Beachside Cafe,2,6,12
2023-06-17,Desserts,Beachside Cafe,2,6,12
2023-06-17,Desserts,Uptown Bistro,1,6,6
2023-06-29,Desserts,Suburban Diner,4,6,24
2023-07-09,Desserts,Beachside Cafe,2,6,12
2023-07-17,Desserts,Uptown Bistro,3,6,18
2023-07-28,Desserts,Downtown Branch,4,6,24
2023-08-05,Desserts,Downtown Branch,1,6,6
2023-08-10,Desserts,Downtown Branch,1,6,6
2023-08-16,Desserts,Suburban Diner,5,6,30
2023-08-22,Desserts,Downtown Branch,6,6,36
2023-08-22,Desserts,Uptown Bistro,5,6,30
2023-08-26,Desserts,Downtown Branch,5,6,30
2023-09-12,Desserts,Suburban Diner,3,6,18
2023-09-17,Desserts,Beachside Cafe,2,6,12
2023-09-21,Desserts,Beachside Cafe,5,6,30
2023-09-27,Desserts,Uptown Bistro,1,6,6
2023-10-12,Desserts,Beachside Cafe,4,6,24
2023-10-14,Desserts,Downtown Branch,6,6,36
2023-10-17,Desserts,Suburban Diner,5,6,30
2023-10-26,Desserts,Downtown Branch,2,6,12
2023-11-05,Desserts,Downtown Branch,3,6,18
2023-11-12,Desserts,Uptown Bistro,6,6,36
2023-11-22,Desserts,Uptown Bistro,3,6,18
2023-12-01,Desserts,Uptown Bistro,2,6,12
2023-12-02,Desserts,Downtown Branch,5,6,30
2023-12-07,Desserts,Beachside Cafe,1,6,6
2023-12-14,Desserts,Uptown Bistro,3,6,18
2024-02-12,Desserts,Downtown Branch,3,6,18
2024-02-14,Desserts,Suburban Diner,2,6,12
2024-02-21,Desserts,Uptown Bistro,5,6,30
2024-02-21,Desserts,Uptown Bistro,1,6,6
2024-02-24,Desserts,Beachside Cafe,1,6,6
2024-03-04,Desserts,Downtown Branch,1,6,6
2024-03-19,Desserts,Uptown Bistro,1,6,6
2024-04-04,Desserts,Beachside Cafe,5,6,30
2024-04-18,Desserts,Downtown Branch,2,6,12
2024-04-26,Desserts,Downtown Branch,4,6,24
2024-05-02,Desserts,Downtown Branch,5,6,30
2024-05-10,Desserts,Suburban Diner,1,6,6
2024-05-23,Desserts,Downtown Branch,2,6,12
2024-05-25,Desserts,Uptown Bistro,1,6,6
2024-05-27,Desserts,Beachside Cafe,4,6,24
2024-07-03,Desserts,Suburban Diner,4,6,24
2024-07-30,Desserts,Uptown Bistro,5,6,30
2024-08-07,Desserts,Uptown Bistro,5,6,30
2024-08-13,Desserts,Downtown Branch,4,6,24
2024-09-01,Desserts,Beachside Cafe,2,6,12
2024-09-01,Desserts,Uptown Bistro,3,6,18
2024-09-02,Desserts,Uptown Bistro,3,6,18
2024-09-16,Desserts,Suburban Diner,2,6,12
2024-09-17,Desserts,Downtown Branch,5,6,30
2024-09-19,Desserts,Beachside Cafe,5,6,30
2024-09-23,Desserts,Beachside Cafe,6,6,36
2024-09-29,Desserts,Uptown Bistro,5,6,30
2024-10-08,Desserts,Beachside Cafe,5,6,30
2024-11-04,Desserts,Suburban Diner,3,6,18
2024-11-04,Desserts,Uptown Bistro,6,6,36
2024-11-05,Desserts,Downtown Branch,3,6,18
2024-11-08,Desserts,Suburban Diner,1,6,6
2024-11-11,Desserts,Downtown Branch,1,6,6
2024-11-15,Desserts,Uptown Bistro,4,6,24
2024-11-19,Desserts,Suburban Diner,1,6,6
2024-11-28,Desserts,Suburban Diner,5,6,30
2024-11-29,Desserts,Suburban Diner,1,6,6
2024-12-05,Desserts,Beachside Cafe,6,6,36
2024-12-06,Desserts,Uptown Bistro,4,6,24
2024-12-26,Desserts,Downtown Branch,4,6,24
2024-12-27,Desserts,Suburban Diner,1,6,6
2024-12-28,Desserts,Downtown Branch,6,6,36
2023-01-10,Beverages,Uptown Bistro,2,6,12
2023-01-12,Beverages,Beachside Cafe,2,6,12
2023-01-17,Beverages,Suburban Diner,2,6,12
2023-01-23,Beverages,Downtown Branch,1,6,6
2023-01-29,Beverages,Suburban Diner,2,6,12
2023-01-31,Beverages,Suburban Diner,3,6,18
2023-02-08,Beverages,Beachside Cafe,6,6,36
2023-02-09,Beverages,Beachside Cafe,2,6,12
2023-02-09,Beverages,Suburban Diner,6,6,36
2023-02-27,Beverages,Downtown Branch,5,6,30
2023-02-28,Beverages,Beachside Cafe,1,6,6
2023-03-01,Beverages,Suburban Diner,5,6,30
2023-03-05,Beverages,Downtown Branch,4,6,24
2023-03-14,Beverages,Uptown Bistro,6,6,36
2023-03-22,Beverages,Suburban Diner,5,6,30
2023-03-24,Beverages,Beachside Cafe,6,6,36
2023-03-30,Beverages,Beachside Cafe,2,6,12
2023-03-31,Beverages,Downtown Branch,3,6,18
2023-04-11,Beverages,Downtown Branch,5,6,30
2023-04-14,Beverages,Beachside Cafe,4,6,24
2023-04-14,Beverages,Uptown Bistro,1,6,6
2023-04-27,Beverages,Suburban Diner,3,6,18
2023-05-01,Beverages,Beachside Cafe,5,6,30
2023-05-02,Beverages,Uptown Bistro,1,6,6
2023-05-12,Beverages,Uptown Bistro,4,6,24
2023-05-12,Beverages,Beachside Cafe,5,6,30
2023-05-16,Beverages,Suburban Diner,3,6,18
2023-05-24,Beverages,Downtown Branch,4,6,24
2023-06-04,Beverages,Beachside Cafe,4,6,24
2023-06-05,Beverages,Beachside Cafe,5,6,30
2023-06-12,Beverages,Downtown Branch,5,6,30
2023-06-17,Beverages,Beachside Cafe,4,6,24
2023-06-22,Beverages,Uptown Bistro,3,6,18
2023-06-27,Beverages,Downtown Branch,3,6,18
2023-07-15,Beverages,Uptown Bistro,2,6,12
2023-07-19,Beverages,Uptown Bistro,5,6,30
2023-07-30,Beverages,Uptown Bistro,6,6,36
2023-08-02,Beverages,Beachside Cafe,4,6,24
2023-08-04,Beverages,Beachside Cafe,1,6,6
2023-08-17,Beverages,Uptown Bistro,3,6,18
2023-09-02,Beverages,Uptown Bistro,6,6,36
2023-09-04,Beverages,Suburban Diner,4,6,24
2023-09-12,Beverages,Suburban Diner,2,6,12
2023-09-28,Beverages,Uptown Bistro,1,6,6
2023-10-04,Beverages,Suburban Diner,2,6,12
2023-10-27,Beverages,Suburban Diner,5,6,30
2023-11-04,Beverages,Uptown Bistro,5,6,30
2023-11-11,Beverages,Uptown Bistro,2,6,12
2023-11-11,Beverages,Uptown Bistro,2,6,12
2023-11-17,Beverages,Uptown Bistro,5,6,30
2023-11-26,Beverages,Beachside Cafe,4,6,24
2023-12-04,Beverages,Beachside Cafe,6,6,36
2023-12-07,Beverages,Beachside Cafe,4,6,24
2023-12-28,Beverages,Downtown Branch,6,6,36
2024-01-07,Beverages,Downtown Branch,1,6,6
2024-01-08,Beverages,Downtown Branch,2,6,12
2024-01-14,Beverages,Downtown Branch,2,6,12
2024-01-16,Beverages,Uptown Bistro,5,6,30
2024-01-24,Beverages,Beachside Cafe,4,6,24
2024-01-25,Beverages,Uptown Bistro,6,6,36
2024-02-13,Beverages,Suburban Diner,4,6,24
2024-02-19,Beverages,Uptown Bistro,1,6,6
2024-02-20,Beverages,Suburban Diner,2,6,12
2024-03-04,Beverages,Beachside Cafe,6,6,36
2024-03-08,Beverages,Beachside Cafe,3,6,18
2024-03-08,Beverages,Downtown Branch,6,6,36
2024-03-11,Beverages,Beachside Cafe,4,6,24
2024-03-18,Beverages,Uptown Bistro,6,6,36
2024-04-07,Beverages,Suburban Diner,2,6,12
2024-04-07,Beverages,Downtown Branch,2,6,12
2024-04-19,Beverages,Downtown Branch,2,6,12
2024-04-21,Beverages,Downtown Branch,6,6,36
2024-04-29,Beverages,Suburban Diner,4,6,24
2024-05-07,Beverages,Suburban Diner,5,6,30
2024-05-10,Beverages,Downtown Branch,2,6,12
2024-05-13,Beverages,Beachside Cafe,5,6,30
2024-05-29,Beverages,Suburban Diner,1,6,6
2024-06-01,Beverages,Uptown Bistro,6,6,36
2024-06-02,Beverages,Suburban Diner,1,6,6
2024-06-05,Beverages,Suburban Diner,5,6,30
2024-06-18,Beverages,Uptown Bistro,1,6,6
2024-06-21,Beverages,Downtown Branch,3,6,18
2024-07-01,Beverages,Uptown Bistro,2,6,12
2024-07-12,Beverages,Downtown Branch,2,6,12
2024-07-14,Beverages,Suburban Diner,4,6,24
2024-07-17,Beverages,Uptown Bistro,4,6,24
2024-07-19,Beverages,Suburban Diner,2,6,12
2024-07-28,Beverages,Downtown Branch,1,6,6
2024-07-31,Beverages,Downtown Branch,3,6,18
2024-08-01,Beverages,Beachside Cafe,4,6,24
2024-08-08,Beverages,Uptown Bistro,3,6,18
2024-08-20,Beverages,Uptown Bistro,5,6,30
2024-08-26,Beverages,Suburban Diner,6,6,36
2024-08-27,Beverages,Suburban Diner,5,6,30
2024-09-07,Beverages,Beachside Cafe,6,6,36
2024-09-17,Beverages,Beachside Cafe,2,6,12
2024-09-27,Beverages,Beachside Cafe,4,6,24
2024-09-27,Beverages,Downtown Branch,1,6,6
2024-10-02,Beverages,Downtown Branch,4,6,24
2024-10-03,Beverages,Downtown Branch,4,6,24
2024-10-05,Beverages,Suburban Diner,2,6,12
2024-10-27,Beverages,Downtown Branch,5,6,30
2024-11-02,Beverages,Uptown Bistro,3,6,18
2024-11-11,Beverages,Beachside Cafe,3,6,18
2024-11-18,Beverages,Beachside Cafe,4,6,24
2024-11-20,Beverages,Beachside Cafe,5,6,30
2024-11-27,Beverages,Suburban Diner,4,6,24
2024-11-27,Beverages,Suburban Diner,1,6,6
2024-12-02,Beverages,Downtown Branch,2,6,12
2024-12-05,Beverages,Suburban Diner,6,6,36
2024-12-06,Beverages,Suburban Diner,3,6,18
2024-12-10,Beverages,Uptown Bistro,6,6,36
2024-12-15,Beverages,Suburban Diner,4,6,24
2023-01-05,Sides,Beachside Cafe,6,6,36
2023-01-07,Sides,Uptown Bistro,5,6,30
2023-01-09,Sides,Uptown Bistro,3,6,18
2023-01-13,Sides,Beachside Cafe,4,6,24
2023-01-17,Sides,Suburban Diner,4,6,24
2023-01-24,Sides,Beachside Cafe,2,6,12
2023-01-27,Sides,Suburban Diner,3,6,18
2023-01-29,Sides,Beachside Cafe,4,6,24
2023-02-09,Sides,Suburban Diner,5,6,30
2023-02-20,Sides,Uptown Bistro,5,6,30
2023-03-07,Sides,Suburban Diner,4,6,24
2023-03-10,Sides,Uptown Bistro,1,6,6
2023-03-14,Sides,Downtown Branch,4,6,24
2023-03-22,Sides,Downtown Branch,3,6,18
2023-04-04,Sides,Downtown Branch,1,6,6
2023-05-06,Sides,Downtown Branch,6,6,36
2023-05-11,Sides,Uptown Bistro,2,6,12
2023-05-12,Sides,Suburban Diner,2,6,12
2023-05-15,Sides,Downtown Branch,3,6,18
2023-05-23,Sides,Suburban Diner,2,6,12
2023-06-01,Sides,Suburban Diner,1,6,6
2023-06-04,Sides,Suburban Diner,3,6,18
2023-06-04,Sides,Suburban Diner,4,6,24
2023-06-06,Sides,Downtown Branch,4,6,24
2023-06-08,Sides,Uptown Bistro,5,6,30
2023-06-16,Sides,Suburban Diner,2,6,12
2023-06-21,Sides,Beachside Cafe,6,6,36
2023-06-22,Sides,Uptown Bistro,5,6,30
2023-06-24,Sides,Downtown Branch,6,6,36
2023-06-25,Sides,Downtown Branch,2,6,12
2023-06-29,Sides,Uptown Bistro,5,6,30
2023-07-02,Sides,Downtown Branch,1,6,6
2023-07-03,Sides,Uptown Bistro,5,6,30
2023-07-07,Sides,Downtown Branch,4,6,24
2023-07-10,Sides,Beachside Cafe,2,6,12
2023-07-15,Sides,Uptown Bistro,5,6,30
2023-08-02,Sides,Downtown Branch,2,6,12
2023-08-04,Sides,Uptown Bistro,1,6,6
2023-08-05,Sides,Suburban Diner,6,6,36
2023-08-06,Sides,Suburban Diner,4,6,24
2023-08-13,Sides,Beachside Cafe,4,6,24
2023-08-20,Sides,Uptown Bistro,3,6,18
2023-08-23,Sides,Beachside Cafe,1,6,6
2023-08-26,Sides,Uptown Bistro,3,6,18
2023-08-28,Sides,Beachside Cafe,5,6,30
2023-08-30,Sides,Downtown Branch,4,6,24
2023-09-01,Sides,Beachside Cafe,3,6,18
2023-09-03,Sides,Uptown Bistro,2,6,12
2023-09-28,Sides,Downtown Branch,2,6,12
2023-10-07,Sides,Uptown Bistro,6,6,36
2023-10-16,Sides,Uptown Bistro,4,6,24
2023-11-05,Sides,Suburban Diner,3,6,18
2023-11-16,Sides,Suburban Diner,3,6,18
2023-11-17,Sides,Suburban Diner,5,6,30
2023-11-19,Sides,Uptown Bistro,5,6,30
2023-11-19,Sides,Suburban Diner,6,6,36
2023-11-20,Sides,Downtown Branch,5,6,30
2023-11-22,Sides,Suburban Diner,1,6,6
2023-11-25,Sides,Suburban Diner,4,6,24
2023-11-28,Sides,Uptown Bistro,2,6,12
2023-11-29,Sides,Beachside Cafe,4,6,24
2023-11-29,Sides,Uptown Bistro,6,6,36
2023-12-23,Sides,Uptown Bistro,4,6,24
2024-01-01,Sides,Downtown Branch,4,6,24
2024-01-05,Sides,Beachside Cafe,3,6,18
2024-01-08,Sides,Beachside Cafe,1,6,6
2024-01-08,Sides,Beachside Cafe,6,6,36
2024-01-16,Sides,Suburban Diner,2,6,12
2024-01-20,Sides,Downtown Branch,2,6,12
2024-01-22,Sides,Beachside Cafe,2,6,12
2024-01-22,Sides,Downtown Branch,3,6,18
2024-01-25,Sides,Suburban Diner,3,6,18
2024-01-27,Sides,Suburban Diner,2,6,12
2024-02-07,Sides,Downtown Branch,1,6,6
2024-02-10,Sides,Suburban Diner,2,6,12
2024-02-11,Sides,Downtown Branch,4,6,24
2024-02-13,Sides,Uptown Bistro,3,6,18
2024-02-14,Sides,Beachside Cafe,5,6,30
2024-02-15,Sides,Downtown Branch,6,6,36
2024-02-17,Sides,Downtown Branch,4,6,24
2024-02-17,Sides,Downtown Branch,1,6,6
2024-02-17,Sides,Beachside Cafe,2,6,12
2024-02-23,Sides,Suburban Diner,5,6,30
2024-02-27,Sides,Suburban Diner,3,6,18
2024-02-27,Sides,Uptown Bistro,3,6,18
2024-03-09,Sides,Uptown Bistro,3,6,18
2024-04-01,Sides,Uptown Bistro,4,6,24
2024-04-11,Sides,Beachside Cafe,2,6,12
2024-04-13,Sides,Suburban Diner,3,6,18
2024-04-24,Sides,Beachside Cafe,3,6,18
2024-04-29,Sides,Suburban Diner,3,6,18
2024-05-16,Sides,Uptown Bistro,3,6,18
2024-05-17,Sides,Uptown Bistro,3,6,18
2024-05-18,Sides,Beachside Cafe,6,6,36
2024-05-19,Sides,Uptown Bistro,5,6,30
2024-05-20,Sides,Uptown Bistro,4,6,24
2024-05-24,Sides,Beachside Cafe,5,6,30
2024-05-28,Sides,Beachside Cafe,6,6,36
2024-05-29,Sides,Uptown Bistro,2,6,12
2024-06-02,Sides,Downtown Branch,5,6,30
2024-06-09,Sides,Suburban Diner,4,6,24
2024-06-11,Sides,Downtown Branch,6,6,36
2024-06-28,Sides,Downtown Branch,4,6,24
2024-06-29,Sides,Uptown Bistro,3,6,18
2024-07-04,Sides,Downtown Branch,2,6,12
2024-07-05,Sides,Suburban Diner,3,6,18
2024-07-12,Sides,Beachside Cafe,3,6,18
2024-07-16,Sides,Beachside Cafe,1,6,6
2024-07-20,Sides,Uptown Bistro,3,6,18
2024-07-25,Sides,Uptown Bistro,2,6,12
2024-08-04,Sides,Downtown Branch,2,6,12
2024-08-05,Sides,Suburban Diner,5,6,30
2024-08-13,Sides,Uptown Bistro,1,6,6
2024-08-15,Sides,Downtown Branch,5,6,30
2024-08-19,Sides,Uptown Bistro,1,6,6
2024-08-27,Sides,Uptown Bistro,4,6,24
2024-08-29,Sides,Suburban Diner,2,6,12
2024-09-06,Sides,Uptown Bistro,5,6,30
2024-09-09,Sides,Suburban Diner,3,6,18
2024-09-11,Sides,Beachside Cafe,4,6,24
2024-09-13,Sides,Suburban Diner,1,6,6
2024-09-19,Sides,Suburban Diner,1,6,6
2024-09-27,Sides,Uptown Bistro,1,6,6
2024-10-02,Sides,Beachside Cafe,4,6,24
2024-10-06,Sides,Uptown Bistro,6,6,36
2024-10-15,Sides,Beachside Cafe,1,6,6
2024-10-19,Sides,Downtown Branch,3,6,18
2024-10-27,Sides,Downtown Branch,4,6,24
2024-10-27,Sides,Suburban Diner,3,6,18
2024-10-29,Sides,Uptown Bistro,6,6,36
2024-10-29,Sides,Uptown Bistro,1,6,6
2024-11-01,Sides,Beachside Cafe,3,6,18
2024-11-06,Sides,Downtown Branch,1,6,6
2024-11-17,Sides,Suburban Diner,5,6,30
2024-11-29,Sides,Suburban Diner,3,6,18
2024-12-02,Sides,Downtown Branch,4,6,24
2024-12-06,Sides,Uptown Bistro,6,6,36
2024-12-09,Sides,Beachside Cafe,2,6,12
2024-12-10,Sides,Suburban Diner,3,6,18
2024-12-13,Sides,Suburban Diner,6,6,36
2024-12-13,Sides,Beachside Cafe,3,6,18
2024-12-23,Sides,Uptown Bistro,3,6,18
2023-01-11,Sides,Beachside Cafe,2,9,18
2023-01-27,Sides,Downtown Branch,6,9,54
2023-01-31,Sides,Downtown Branch,2,9,18
2023-02-15,Sides,Uptown Bistro,6,9,54
2023-02-18,Sides,Downtown Branch,6,9,54
2023-02-23,Sides,Downtown Branch,2,9,18
2023-03-06,Sides,Suburban Diner,5,9,45
2023-03-07,Sides,Suburban Diner,2,9,18
2023-03-19,Sides,Suburban Diner,5,9,45
2023-03-28,Sides,Uptown Bistro,1,9,9
2023-03-29,Sides,Downtown Branch,6,9,54
2023-04-02,Sides,Downtown Branch,4,9,36
2023-04-03,Sides,Suburban Diner,4,9,36
2023-04-07,Sides,Downtown Branch,5,9,45
2023-04-09,Sides,Uptown Bistro,4,9,36
2023-04-10,Sides,Beachside Cafe,3,9,27
2023-04-12,Sides,Beachside Cafe,6,9,54
2023-04-23,Sides,Suburban Diner,5,9,45
2023-04-27,Sides,Suburban Diner,5,9,45
2023-04-28,Sides,Suburban Diner,1,9,9
2023-05-06,Sides,Downtown Branch,2,9,18
2023-05-13,Sides,Suburban Diner,6,9,54
2023-05-16,Sides,Uptown Bistro,1,9,9
2023-05-18,Sides,Downtown Branch,2,9,18
2023-05-28,Sides,Uptown Bistro,3,9,27
2023-06-07,Sides,Beachside Cafe,4,9,36
2023-06-08,Sides,Suburban Diner,1,9,9
2023-06-12,Sides,Suburban Diner,1,9,9
2023-06-15,Sides,Uptown Bistro,3,9,27
2023-06-20,Sides,Beachside Cafe,6,9,54
2023-06-23,Sides,Downtown Branch,4,9,36
2023-06-23,Sides,Beachside Cafe,6,9,54
2023-07-04,Sides,Uptown Bistro,4,9,36
2023-07-15,Sides,Suburban Diner,6,9,54
2023-07-18,Sides,Beachside Cafe,6,9,54
2023-07-24,Sides,Uptown Bistro,6,9,54
2023-08-03,Sides,Uptown Bistro,5,9,45
2023-08-04,Sides,Downtown Branch,4,9,36
2023-08-06,Sides,Downtown Branch,2,9,18
2023-08-20,Sides,Downtown Branch,3,9,27
2023-08-24,Sides,Beachside Cafe,4,9,36
2023-08-24,Sides,Uptown Bistro,6,9,54
2023-08-29,Sides,Uptown Bistro,6,9,54
2023-08-29,Sides,Uptown Bistro,3,9,27
2023-08-31,Sides,Beachside Cafe,1,9,9
2023-09-08,Sides,Downtown Branch,1,9,9
2023-09-09,Sides,Downtown Branch,4,9,36
2023-09-12,Sides,Downtown Branch,6,9,54
2023-09-12,Sides,Suburban Diner,2,9,18
2023-09-16,Sides,Downtown Branch,3,9,27
2023-09-26,Sides,Downtown Branch,4,9,36
2023-09-30,Sides,Beachside Cafe,4,9,36
2023-10-01,Sides,Uptown Bistro,1,9,9
2023-10-02,Sides,Uptown Bistro,2,9,18
2023-10-19,Sides,Suburban Diner,1,9,9
2023-10-21,Sides,Uptown Bistro,2,9,18
2023-10-23,Sides,Beachside Cafe,3,9,27
2023-10-25,Sides,Downtown Branch,3,9,27
2023-10-27,Sides,Beachside Cafe,2,9,18
2023-10-27,Sides,Uptown Bistro,1,9,9
2023-11-03,Sides,Beachside Cafe,5,9,45
2023-11-04,Sides,Suburban Diner,2,9,18
2023-11-06,Sides,Suburban Diner,3,9,27
2023-11-09,Sides,Uptown Bistro,1,9,9
2023-11-11,Sides,Uptown Bistro,6,9,54
2023-11-22,Sides,Suburban Diner,6,9,54
2023-11-25,Sides,Downtown Branch,1,9,9
2023-12-02,Sides,Suburban Diner,3,9,27
2023-12-04,Sides,Uptown Bistro,2,9,18
2023-12-05,Sides,Beachside Cafe,1,9,9
2023-12-22,Sides,Beachside Cafe,5,9,45
2023-12-24,Sides,Suburban Diner,4,9,36
2023-12-30,Sides,Beachside Cafe,1,9,9
2024-01-02,Sides,Uptown Bistro,4,9,36
2024-01-02,Sides,Downtown Branch,5,9,45
2024-01-03,Sides,Beachside Cafe,5,9,45
2024-01-12,Sides,Beachside Cafe,3,9,27
2024-01-16,Sides,Uptown Bistro,4,9,36
2024-01-16,Sides,Suburban Diner,5,9,45
2024-01-16,Sides,Beachside Cafe,3,9,27
2024-01-17,Sides,Uptown Bistro,3,9,27
2024-01-23,Sides,Beachside Cafe,5,9,45
2024-01-25,Sides,Downtown Branch,6,9,54
2024-01-26,Sides,Suburban Diner,1,9,9
2024-02-10,Sides,Downtown Branch,3,9,27
2024-02-27,Sides,Uptown Bistro,4,9,36
2024-03-08,Sides,Downtown Branch,2,9,18
2024-03-15,Sides,Beachside Cafe,5,9,45
2024-03-15,Sides,Beachside Cafe,3,9,27
2024-03-18,Sides,Suburban Diner,6,9,54
2024-03-22,Sides,Beachside Cafe,1,9,9
2024-03-26,Sides,Downtown Branch,2,9,18
2024-03-31,Sides,Suburban Diner,4,9,36
2024-04-11,Sides,Uptown Bistro,1,9,9
2024-04-11,Sides,Suburban Diner,6,9,54
2024-04-13,Sides,Beachside Cafe,4,9,36
2024-04-13,Sides,Beachside Cafe,2,9,18
2024-04-29,Sides,Beachside Cafe,1,9,9
2024-05-04,Sides,Beachside Cafe,5,9,45
2024-05-05,Sides,Suburban Diner,5,9,45
2024-05-20,Sides,Downtown Branch,3,9,27
2024-05-26,Sides,Suburban Diner,4,9,36
2024-05-27,Sides,Uptown Bistro,1,9,9
2024-06-02,Sides,Suburban Diner,5,9,45
2024-06-11,Sides,Downtown Branch,3,9,27
2024-06-17,Sides,Suburban Diner,5,9,45
2024-06-27,Sides,Downtown Branch,4,9,36
2024-07-02,Sides,Suburban Diner,2,9,18
2024-07-08,Sides,Suburban Diner,6,9,54
2024-07-10,Sides,Beachside Cafe,1,9,9
2024-07-18,Sides,Suburban Diner,4,9,36
2024-07-23,Sides,Beachside Cafe,3,9,27
2024-07-27,Sides,Suburban Diner,1,9,9
2024-07-29,Sides,Downtown Branch,3,9,27
2024-08-02,Sides,Downtown Branch,3,9,27
2024-08-03,Sides,Suburban Diner,5,9,45
2024-08-10,Sides,Downtown Branch,6,9,54
2024-08-10,Sides,Uptown Bistro,3,9,27
2024-08-13,Sides,Suburban Diner,4,9,36
2024-09-01,Sides,Downtown Branch,1,9,9
2024-09-17,Sides,Suburban Diner,2,9,18
2024-09-24,Sides,Suburban Diner,4,9,36
2024-09-24,Sides,Uptown Bistro,1,9,9
2024-09-25,Sides,Downtown Branch,2,9,18
2024-09-30,Sides,Beachside Cafe,2,9,18
2024-10-06,Sides,Beachside Cafe,6,9,54
2024-10-07,Sides,Beachside Cafe,3,9,27
2024-10-11,Sides,Suburban Diner,3,9,27
2024-10-13,Sides,Uptown Bistro,4,9,36
2024-10-15,Sides,Downtown Branch,1,9,9
2024-10-17,Sides,Beachside Cafe,1,9,9
2024-11-01,Sides,Beachside Cafe,3,9,27
2024-11-09,Sides,Suburban Diner,3,9,27
2024-11-10,Sides,Uptown Bistro,4,9,36
2024-11-13,Sides,Downtown Branch,3,9,27
2024-11-14,Sides,Downtown Branch,2,9,18
2024-11-15,Sides,Suburban Diner,3,9,27
2024-11-15,Sides,Downtown Branch,6,9,54
2024-11-28,Sides,Beachside Cafe,4,9,36
2024-12-01,Sides,Uptown Bistro,5,9,45
2024-12-05,Sides,Beachside Cafe,5,9,45
2024-12-20,Sides,Uptown Bistro,5,9,45
2024-12-22,Sides,Uptown Bistro,3,9,27
2024-12-25,Sides,Uptown Bistro,5,9,45
2023-01-03,Desserts,Uptown Bistro,1,9,9
2023-01-03,Desserts,Suburban Diner,2,9,18
2023-01-07,Desserts,Uptown Bistro,2,9,18
2023-01-08,Desserts,Uptown Bistro,6,9,54
2023-01-10,Desserts,Beachside Cafe,1,9,9
2023-01-14,Desserts,Suburban Diner,5,9,45
2023-01-15,Desserts,Downtown Branch,3,9,27
2023-01-20,Desserts,Suburban Diner,1,9,9
2023-01-23,Desserts,Uptown Bistro,3,9,27
2023-02-14,Desserts,Uptown Bistro,5,9,45
2023-02-24,Desserts,Beachside Cafe,4,9,36
2023-03-15,Desserts,Uptown Bistro,2,9,18
2023-03-19,Desserts,Suburban Diner,4,9,36
2023-03-19,Desserts,Downtown Branch,1,9,9
2023-03-21,Desserts,Downtown Branch,3,9,27
2023-03-24,Desserts,Uptown Bistro,1,9,9
2023-04-05,Desserts,Uptown Bistro,2,9,18
2023-04-09,Desserts,Downtown Branch,2,9,18
2023-04-17,Desserts,Downtown Branch,6,9,54
2023-04-20,Desserts,Beachside Cafe,4,9,36
2023-05-02,Desserts,Uptown Bistro,5,9,45
2023-05-04,Desserts,Uptown Bistro,4,9,36
2023-05-04,Desserts,Suburban Diner,1,9,9
2023-05-16,Desserts,Beachside Cafe,5,9,45
2023-05-21,Desserts,Beachside Cafe,2,9,18
2023-05-24,Desserts,Beachside Cafe,4,9,36
2023-06-01,Desserts,Uptown Bistro,4,9,36
2023-06-04,Desserts,Uptown Bistro,3,9,27
2023-06-14,Desserts,Uptown Bistro,6,9,54
2023-06-25,Desserts,Beachside Cafe,5,9,45
2023-06-29,Desserts,Beachside Cafe,2,9,18
2023-07-09,Desserts,Downtown Branch,4,9,36
2023-07-19,Desserts,Beachside Cafe,6,9,54
2023-07-24,Desserts,Uptown Bistro,6,9,54
2023-07-30,Desserts,Beachside Cafe,4,9,36
2023-07-31,Desserts,Uptown Bistro,4,9,36
2023-08-06,Desserts,Suburban Diner,5,9,45
2023-09-05,Desserts,Downtown Branch,1,9,9
2023-09-28,Desserts,Suburban Diner,2,9,18
2023-10-03,Desserts,Beachside Cafe,1,9,9
2023-10-08,Desserts,Suburban Diner,1,9,9
2023-10-23,Desserts,Beachside Cafe,5,9,45
2023-10-26,Desserts,Suburban Diner,2,9,18
2023-10-27,Desserts,Beachside Cafe,5,9,45
2023-11-09,Desserts,Suburban Diner,1,9,9
2023-11-16,Desserts,Suburban Diner,6,9,54
2023-11-25,Desserts,Beachside Cafe,3,9,27
2023-12-05,Desserts,Uptown Bistro,1,9,9
2023-12-10,Desserts,Beachside Cafe,6,9,54
2023-12-16,Desserts,Beachside Cafe,5,9,45
2023-12-16,Desserts,Suburban Diner,4,9,36
2023-12-17,Desserts,Uptown Bistro,2,9,18
2023-12-19,Desserts,Beachside Cafe,5,9,45
2023-12-25,Desserts,Downtown Branch,4,9,36
2023-12-27,Desserts,Uptown Bistro,4,9,36
2023-12-28,Desserts,Suburban Diner,2,9,18
2024-01-06,Desserts,Beachside Cafe,5,9,45
2024-01-15,Desserts,Uptown Bistro,6,9,54
2024-01-16,Desserts,Suburban Diner,5,9,45
2024-01-16,Desserts,Suburban Diner,4,9,36
2024-01-18,Desserts,Downtown Branch,6,9,54
2024-01-19,Desserts,Uptown Bistro,1,9,9
2024-01-20,Desserts,Uptown Bistro,1,9,9
2024-02-01,Desserts,Uptown Bistro,3,9,27
2024-02-13,Desserts,Beachside Cafe,6,9,54
2024-02-17,Desserts,Downtown Branch,6,9,54
2024-02-19,Desserts,Beachside Cafe,5,9,45
2024-02-21,Desserts,Suburban Diner,6,9,54
2024-03-07,Desserts,Downtown Branch,2,9,18
2024-03-08,Desserts,Suburban Diner,3,9,27
2024-03-09,Desserts,Uptown Bistro,6,9,54
2024-03-14,Desserts,Uptown Bistro,3,9,27
2024-03-22,Desserts,Beachside Cafe,4,9,36
2024-03-24,Desserts,Downtown Branch,4,9,36
2024-03-25,Desserts,Beachside Cafe,2,9,18
2024-03-26,Desserts,Downtown Branch,2,9,18
2024-03-27,Desserts,Uptown Bistro,1,9,9
2024-03-30,Desserts,Beachside Cafe,5,9,45
2024-04-07,Desserts,Downtown Branch,5,9,45
2024-04-08,Desserts,Downtown Branch,3,9,27
2024-04-11,Desserts,Beachside Cafe,6,9,54
2024-04-17,Desserts,Downtown Branch,4,9,36
2024-04-18,Desserts,Suburban Diner,3,9,27
2024-05-03,Desserts,Uptown Bistro,6,9,54
2024-05-07,Desserts,Suburban Diner,1,9,9
2024-05-10,Desserts,Downtown Branch,6,9,54
2024-05-21,Desserts,Suburban Diner,1,9,9
2024-05-29,Desserts,Beachside Cafe,4,9,36
2024-05-30,Desserts,Beachside Cafe,4,9,36
2024-05-31,Desserts,Downtown Branch,5,9,45
2024-06-03,Desserts,Downtown Branch,4,9,36
2024-06-04,Desserts,Downtown Branch,3,9,27
2024-06-11,Desserts,Downtown Branch,5,9,45
2024-06-17,Desserts,Uptown Bistro,3,9,27
2024-06-20,Desserts,Suburban Diner,4,9,36
2024-07-01,Desserts,Uptown Bistro,5,9,45
2024-07-14,Desserts,Downtown Branch,3,9,27
2024-07-23,Desserts,Suburban Diner,2,9,18
2024-08-01,Desserts,Uptown Bistro,5,9,45
2024-08-04,Desserts,Beachside Cafe,3,9,27
2024-08-17,Desserts,Downtown Branch,2,9,18
2024-09-10,Desserts,Suburban Diner,6,9,54
2024-09-10,Desserts,Beachside Cafe,1,9,9
2024-09-11,Desserts,Downtown Branch,1,9,9
2024-09-12,Desserts,Suburban Diner,6,9,54
2024-09-17,Desserts,Suburban Diner,6,9,54
2024-09-19,Desserts,Downtown Branch,2,9,18
2024-09-20,Desserts,Beachside Cafe,4,9,36
2024-09-20,Desserts,Suburban Diner,3,9,27
2024-09-20,Desserts,Downtown Branch,3,9,27
2024-09-25,Desserts,Suburban Diner,1,9,9
2024-09-25,Desserts,Uptown Bistro,4,9,36
2024-09-30,Desserts,Downtown Branch,1,9,9
2024-09-30,Desserts,Suburban Diner,4,9,36
2024-10-08,Desserts,Uptown Bistro,5,9,45
2024-10-09,Desserts,Suburban Diner,5,9,45
2024-10-10,Desserts,Suburban Diner,6,9,54
2024-10-13,Desserts,Uptown Bistro,5,9,45
2024-10-16,Desserts,Uptown Bistro,3,9,27
2024-10-19,Desserts,Uptown Bistro,1,9,9
2024-10-22,Desserts,Beachside Cafe,6,9,54
2024-10-29,Desserts,Beachside Cafe,5,9,45
2024-11-01,Desserts,Suburban Diner,2,9,18
2024-11-19,Desserts,Beachside Cafe,3,9,27
2024-11-23,Desserts,Suburban Diner,2,9,18
2024-11-27,Desserts,Beachside Cafe,5,9,45
2024-12-03,Desserts,Beachside Cafe,3,9,27
2024-12-08,Desserts,Beachside Cafe,5,9,45
2023-01-03,Beverages,Beachside Cafe,1,5,5
2023-01-11,Beverages,Beachside Cafe,1,5,5
2023-01-21,Beverages,Beachside Cafe,3,5,15
2023-01-25,Beverages,Suburban Diner,4,5,20
2023-01-25,Beverages,Uptown Bistro,6,5,30
2023-02-05,Beverages,Beachside Cafe,1,5,5
2023-02-13,Beverages,Downtown Branch,2,5,10
2023-02-16,Beverages,Uptown Bistro,1,5,5
2023-02-18,Beverages,Suburban Diner,6,5,30
2023-02-19,Beverages,Beachside Cafe,5,5,25
2023-02-20,Beverages,Uptown Bistro,3,5,15
2023-02-25,Beverages,Beachside Cafe,2,5,10
2023-03-01,Beverages,Uptown Bistro,1,5,5
2023-03-25,Beverages,Suburban Diner,2,5,10
2023-04-01,Beverages,Suburban Diner,5,5,25
2023-04-09,Beverages,Uptown Bistro,2,5,10
2023-04-12,Beverages,Downtown Branch,1,5,5
2023-04-15,Beverages,Beachside Cafe,2,5,10
2023-05-01,Beverages,Suburban Diner,3,5,15
2023-05-07,Beverages,Beachside Cafe,2,5,10
2023-05-07,Beverages,Uptown Bistro,1,5,5
2023-05-13,Beverages,Uptown Bistro,6,5,30
2023-05-15,Beverages,Uptown Bistro,3,5,15
2023-05-17,Beverages,Uptown Bistro,1,5,5
2023-05-18,Beverages,Beachside Cafe,3,5,15
2023-05-26,Beverages,Suburban Diner,3,5,15
2023-05-27,Beverages,Beachside Cafe,3,5,15
2023-05-27,Beverages,Uptown Bistro,1,5,5
2023-05-31,Beverages,Uptown Bistro,5,5,25
2023-06-04,Beverages,Downtown Branch,4,5,20
2023-06-13,Beverages,Uptown Bistro,4,5,20
2023-06-17,Beverages,Downtown Branch,2,5,10
2023-06-20,Beverages,Suburban Diner,1,5,5
2023-07-10,Beverages,Suburban Diner,2,5,10
2023-07-14,Beverages,Suburban Diner,1,5,5
2023-07-14,Beverages,Suburban Diner,2,5,10
2023-07-26,Beverages,Uptown Bistro,2,5,10
2023-07-27,Beverages,Beachside Cafe,3,5,15
2023-08-03,Beverages,Downtown Branch,2,5,10
2023-08-05,Beverages,Uptown Bistro,4,5,20
2023-08-12,Beverages,Downtown Branch,2,5,10
2023-08-16,Beverages,Downtown Branch,2,5,10
2023-08-18,Beverages,Suburban Diner,6,5,30
2023-08-19,Beverages,Beachside Cafe,5,5,25
2023-08-23,Beverages,Downtown Branch,5,5,25
2023-08-24,Beverages,Downtown Branch,1,5,5
2023-09-01,Beverages,Downtown Branch,1,5,5
2023-09-03,Beverages,Suburban Diner,5,5,25
2023-09-17,Beverages,Downtown Branch,3,5,15
2023-09-18,Beverages,Beachside Cafe,1,5,5
2023-09-28,Beverages,Downtown Branch,3,5,15
2023-10-26,Beverages,Downtown Branch,4,5,20
2023-10-26,Beverages,Downtown Branch,4,5,20
2023-11-04,Beverages,Downtown Branch,6,5,30
2023-11-14,Beverages,Suburban Diner,1,5,5
2023-11-18,Beverages,Uptown Bistro,6,5,30
2023-11-28,Beverages,Suburban Diner,5,5,25
2023-12-05,Beverages,Beachside Cafe,5,5,25
2023-12-20,Beverages,Downtown Branch,5,5,25
2024-01-01,Beverages,Suburban Diner,4,5,20
2024-01-09,Beverages,Beachside Cafe,5,5,25
2024-01-10,Beverages,Downtown Branch,6,5,30
2024-01-10,Beverages,Beachside Cafe,5,5,25
2024-01-21,Beverages,Beachside Cafe,5,5,25
2024-02-02,Beverages,Suburban Diner,5,5,25
2024-02-14,Beverages,Uptown Bistro,1,5,5
2024-02-17,Beverages,Beachside Cafe,5,5,25
2024-02-20,Beverages,Beachside Cafe,4,5,20
2024-02-21,Beverages,Uptown Bistro,6,5,30
2024-02-22,Beverages,Beachside Cafe,2,5,10
2024-02-22,Beverages,Downtown Branch,4,5,20
2024-03-08,Beverages,Beachside Cafe,2,5,10
2024-03-14,Beverages,Suburban Diner,3,5,15
2024-03-24,Beverages,Suburban Diner,1,5,5
2024-03-31,Beverages,Downtown Branch,2,5,10
2024-04-04,Beverages,Suburban Diner,6,5,30
2024-04-12,Beverages,Uptown Bistro,1,5,5
2024-04-15,Beverages,Downtown Branch,5,5,25
2024-04-21,Beverages,Uptown Bistro,4,5,20
2024-04-24,Beverages,Uptown Bistro,6,5,30
2024-04-26,Beverages,Downtown Branch,3,5,15
2024-04-29,Beverages,Beachside Cafe,6,5,30
2024-05-01,Beverages,Suburban Diner,5,5,25
2024-05-04,Beverages,Downtown Branch,4,5,20
2024-06-03,Beverages,Beachside Cafe,2,5,10
2024-06-09,Beverages,Beachside Cafe,1,5,5
2024-06-10,Beverages,Downtown Branch,5,5,25
2024-06-19,Beverages,Beachside Cafe,1,5,5
2024-06-23,Beverages,Beachside Cafe,6,5,30
2024-06-24,Beverages,Suburban Diner,1,5,5
2024-07-17,Beverages,Uptown Bistro,6,5,30
2024-07-22,Beverages,Uptown Bistro,1,5,5
2024-07-27,Beverages,Downtown Branch,2,5,10
2024-08-09,Beverages,Suburban Diner,6,5,30
2024-09-05,Beverages,Suburban Diner,1,5,5
2024-09-06,Beverages,Uptown Bistro,3,5,15
2024-09-10,Beverages,Uptown Bistro,1,5,5
2024-09-14,Beverages,Uptown Bistro,3,5,15
2024-09-17,Beverages,Beachside Cafe,5,5,25
2024-10-02,Beverages,Uptown Bistro,1,5,5
2024-10-02,Beverages,Suburban Diner,1,5,5
2024-10-15,Beverages,Beachside Cafe,2,5,10
2024-10-27,Beverages,Suburban Diner,3,5,15
2024-10-28,Beverages,Beachside Cafe,6,5,30
2024-11-05,Beverages,Downtown Branch,2,5,10
2024-11-07,Beverages,Downtown Branch,3,5,15
2024-11-12,Beverages,Downtown Branch,2,5,10
2024-11-16,Beverages,Downtown Branch,5,5,25
2024-11-21,Beverages,Downtown Branch,6,5,30
2024-12-09,Beverages,Uptown Bistro,6,5,30
2024-12-12,Beverages,Downtown Branch,6,5,30
2024-12-18,Beverages,Beachside Cafe,5,5,25
2023-01-07,Sides,Downtown Branch,2,5,10
2023-01-17,Sides,Suburban Diner,5,5,25
2023-01-23,Sides,Downtown Branch,1,5,5
2023-01-23,Sides,Beachside Cafe,1,5,5
2023-02-03,Sides,Suburban Diner,4,5,20
2023-02-07,Sides,Suburban Diner,5,5,25
2023-02-12,Sides,Uptown Bistro,1,5,5
2023-02-16,Sides,Beachside Cafe,5,5,25
2023-03-12,Sides,Uptown Bistro,6,5,30
2023-03-15,Sides,Downtown Branch,2,5,10
2023-03-17,Sides,Suburban Diner,6,5,30
2023-03-28,Sides,Downtown Branch,4,5,20
2023-03-29,Sides,Suburban Diner,3,5,15
2023-04-08,Sides,Beachside Cafe,2,5,10
2023-04-11,Sides,Suburban Diner,5,5,25
2023-04-13,Sides,Downtown Branch,5,5,25
2023-04-17,Sides,Downtown Branch,4,5,20
2023-04-18,Sides,Uptown Bistro,6,5,30
2023-04-20,Sides,Beachside Cafe,3,5,15
2023-04-21,Sides,Uptown Bistro,4,5,20
2023-04-23,Sides,Beachside Cafe,6,5,30
2023-04-29,Sides,Suburban Diner,4,5,20
2023-05-02,Sides,Downtown Branch,4,5,20
2023-05-07,Sides,Beachside Cafe,4,5,20
2023-05-07,Sides,Suburban Diner,6,5,30
2023-05-12,Sides,Downtown Branch,3,5,15
2023-05-13,Sides,Suburban Diner,6,5,30
2023-05-17,Sides,Beachside Cafe,6,5,30
2023-05-17,Sides,Suburban Diner,2,5,10
2023-06-07,Sides,Downtown Branch,5,5,25
2023-06-13,Sides,Beachside Cafe,5,5,25
2023-06-14,Sides,Beachside Cafe,2,5,10
2023-06-14,Sides,Suburban Diner,3,5,15
2023-06-19,Sides,Beachside Cafe,1,5,5
2023-06-20,Sides,Downtown Branch,1,5,5
2023-06-29,Sides,Downtown Branch,1,5,5
2023-07-02,Sides,Beachside Cafe,2,5,10
2023-07-03,Sides,Suburban Diner,1,5,5
2023-07-04,Sides,Suburban Diner,5,5,25
2023-07-05,Sides,Suburban Diner,3,5,15
2023-07-05,Sides,Downtown Branch,1,5,5
2023-07-07,Sides,Downtown Branch,4,5,20
2023-07-08,Sides,Suburban Diner,1,5,5
2023-07-08,Sides,Beachside Cafe,2,5,10
2023-07-11,Sides,Suburban Diner,1,5,5
2023-07-22,Sides,Beachside Cafe,6,5,30
2023-07-23,Sides,Uptown Bistro,4,5,20
2023-07-27,Sides,Suburban Diner,6,5,30
2023-08-03,Sides,Beachside Cafe,1,5,5
2023-08-05,Sides,Uptown Bistro,6,5,30
2023-08-13,Sides,Beachside Cafe,6,5,30
2023-08-14,Sides,Beachside Cafe,1,5,5
2023-08-15,Sides,Uptown Bistro,6,5,30
2023-08-16,Sides,Beachside Cafe,2,5,10
2023-08-19,Sides,Uptown Bistro,5,5,25
2023-08-19,Sides,Uptown Bistro,3,5,15
2023-08-24,Sides,Suburban Diner,3,5,15
2023-08-24,Sides,Downtown Branch,4,5,20
2023-08-28,Sides,Uptown Bistro,6,5,30
2023-09-12,Sides,Beachside Cafe,1,5,5
2023-09-14,Sides,Uptown Bistro,6,5,30
2023-09-17,Sides,Suburban Diner,3,5,15
2023-09-23,Sides,Uptown Bistro,6,5,30
2023-11-02,Sides,Downtown Branch,2,5,10
2023-11-03,Sides,Beachside Cafe,4,5,20
2023-11-05,Sides,Uptown Bistro,6,5,30
2023-11-18,Sides,Suburban Diner,1,5,5
2023-11-20,Sides,Beachside Cafe,4,5,20
2023-11-26,Sides,Uptown Bistro,2,5,10
2023-12-09,Sides,Suburban Diner,4,5,20
2023-12-21,Sides,Suburban Diner,1,5,5
2023-12-22,Sides,Beachside Cafe,4,5,20
2023-12-24,Sides,Downtown Branch,3,5,15
2023-12-25,Sides,Downtown Branch,1,5,5
2023-12-28,Sides,Uptown Bistro,6,5,30
2023-12-30,Sides,Suburban Diner,1,5,5
2023-12-31,Sides,Suburban Diner,1,5,5
2024-01-13,Sides,Uptown Bistro,3,5,15
2024-01-18,Sides,Downtown Branch,2,5,10
2024-01-25,Sides,Suburban Diner,1,5,5
2024-02-03,Sides,Downtown Branch,3,5,15
2024-02-09,Sides,Downtown Branch,4,5,20
2024-02-13,Sides,Suburban Diner,4,5,20
2024-02-18,Sides,Beachside Cafe,4,5,20
2024-02-21,Sides,Suburban Diner,1,5,5
2024-02-21,Sides,Suburban Diner,5,5,25
2024-02-22,Sides,Uptown Bistro,2,5,10
2024-03-02,Sides,Uptown Bistro,4,5,20
2024-03-04,Sides,Downtown Branch,3,5,15
2024-03-10,Sides,Uptown Bistro,3,5,15
2024-04-05,Sides,Downtown Branch,4,5,20
2024-04-08,Sides,Downtown Branch,1,5,5
2024-04-08,Sides,Downtown Branch,6,5,30
2024-04-16,Sides,Uptown Bistro,4,5,20
2024-04-25,Sides,Suburban Diner,2,5,10
2024-04-26,Sides,Uptown Bistro,5,5,25
2024-04-28,Sides,Suburban Diner,5,5,25
2024-05-09,Sides,Suburban Diner,1,5,5
2024-05-14,Sides,Suburban Diner,5,5,25
2024-05-25,Sides,Downtown Branch,2,5,10
2024-05-30,Sides,Uptown Bistro,3,5,15
2024-06-07,Sides,Beachside Cafe,4,5,20
2024-06-14,Sides,Beachside Cafe,2,5,10
2024-06-15,Sides,Beachside Cafe,6,5,30
2024-06-18,Sides,Downtown Branch,4,5,20
2024-06-20,Sides,Suburban Diner,1,5,5
2024-06-21,Sides,Beachside Cafe,1,5,5
2024-06-21,Sides,Beachside Cafe,5,5,25
2024-06-27,Sides,Beachside Cafe,1,5,5
2024-07-05,Sides,Downtown Branch,3,5,15
2024-07-07,Sides,Uptown Bistro,2,5,10
2024-07-09,Sides,Suburban Diner,5,5,25
2024-07-24,Sides,Uptown Bistro,6,5,30
2024-07-28,Sides,Downtown Branch,3,5,15
2024-07-28,Sides,Uptown Bistro,2,5,10
2024-07-28,Sides,Uptown Bistro,6,5,30
2024-07-30,Sides,Beachside Cafe,3,5,15
2024-08-10,Sides,Beachside Cafe,6,5,30
2024-08-10,Sides,Downtown Branch,5,5,25
2024-08-14,Sides,Beachside Cafe,1,5,5
2024-08-15,Sides,Beachside Cafe,1,5,5
2024-08-21,Sides,Uptown Bistro,5,5,25
2024-08-21,Sides,Beachside Cafe,3,5,15
2024-08-25,Sides,Downtown Branch,1,5,5
2024-08-28,Sides,Downtown Branch,6,5,30
2024-09-22,Sides,Uptown Bistro,4,5,20
2024-10-09,Sides,Uptown Bistro,6,5,30
2024-10-12,Sides,Suburban Diner,2,5,10
2024-10-15,Sides,Downtown Branch,2,5,10
2024-10-24,Sides,Uptown Bistro,2,5,10
2024-10-26,Sides,Beachside Cafe,5,5,25
2024-11-04,Sides,Uptown Bistro,4,5,20
2024-11-05,Sides,Suburban Diner,4,5,20
2024-11-07,Sides,Beachside Cafe,2,5,10
2024-11-09,Sides,Beachside Cafe,1,5,5
2024-11-23,Sides,Beachside Cafe,1,5,5
2024-11-29,Sides,Uptown Bistro,1,5,5
2024-11-30,Sides,Uptown Bistro,1,5,5
2024-12-07,Sides,Downtown Branch,5,5,25
2024-12-08,Sides,Beachside Cafe,2,5,10
2024-12-10,Sides,Downtown Branch,4,5,20
2024-12-11,Sides,Beachside Cafe,5,5,25
2024-12-15,Sides,Beachside Cafe,5,5,25
2024-12-20,Sides,Downtown Branch,6,5,30
2023-01-07,Beverages,Beachside Cafe,1,10,10
2023-01-13,Beverages,Suburban Diner,6,10,60
2023-01-16,Beverages,Uptown Bistro,5,10,50
2023-01-31,Beverages,Downtown Branch,4,10,40
2023-01-31,Beverages,Downtown Branch,4,10,40
2023-02-02,Beverages,Beachside Cafe,1,10,10
2023-02-07,Beverages,Uptown Bistro,1,10,10
2023-02-17,Beverages,Uptown Bistro,6,10,60
2023-02-21,Beverages,Suburban Diner,2,10,20
2023-02-21,Beverages,Suburban Diner,1,10,10
2023-02-25,Beverages,Uptown Bistro,4,10,40
2023-03-04,Beverages,Beachside Cafe,5,10,50
2023-03-09,Beverages,Downtown Branch,2,10,20
2023-03-12,Beverages,Beachside Cafe,3,10,30
2023-03-13,Beverages,Uptown Bistro,6,10,60
2023-03-14,Beverages,Downtown Branch,3,10,30
2023-03-25,Beverages,Beachside Cafe,4,10,40
2023-04-06,Beverages,Downtown Branch,4,10,40
2023-04-07,Beverages,Suburban Diner,3,10,30
2023-04-13,Beverages,Beachside Cafe,3,10,30
2023-04-23,Beverages,Downtown Branch,6,10,60
2023-05-07,Beverages,Suburban Diner,5,10,50
2023-05-27,Beverages,Suburban Diner,2,10,20
2023-06-01,Beverages,Uptown Bistro,2,10,20
2023-06-03,Beverages,Uptown Bistro,2,10,20
2023-06-11,Beverages,Beachside Cafe,5,10,50
2023-06-13,Beverages,Suburban Diner,3,10,30
2023-06-14,Beverages,Beachside Cafe,5,10,50
2023-06-18,Beverages,Uptown Bistro,5,10,50
2023-06-27,Beverages,Downtown Branch,5,10,50
2023-06-28,Beverages,Uptown Bistro,6,10,60
2023-07-18,Beverages,Beachside Cafe,6,10,60
2023-07-31,Beverages,Downtown Branch,6,10,60
2023-08-08,Beverages,Downtown Branch,4,10,40
2023-08-15,Beverages,Beachside Cafe,6,10,60
2023-08-16,Beverages,Suburban Diner,4,10,40
2023-08-28,Beverages,Suburban Diner,3,10,30
2023-08-30,Beverages,Uptown Bistro,6,10,60
2023-09-09,Beverages,Uptown Bistro,6,10,60
2023-09-17,Beverages,Downtown Branch,3,10,30
2023-10-03,Beverages,Uptown Bistro,2,10,20
2023-10-14,Beverages,Downtown Branch,6,10,60
2023-10-27,Beverages,Uptown Bistro,1,10,10
2023-11-08,Beverages,Downtown Branch,3,10,30
2023-11-11,Beverages,Suburban Diner,4,10,40
2023-11-11,Beverages,Uptown Bistro,1,10,10
2023-11-22,Beverages,Uptown Bistro,4,10,40
2023-11-22,Beverages,Uptown Bistro,5,10,50
2023-11-25,Beverages,Downtown Branch,4,10,40
2023-11-27,Beverages,Suburban Diner,4,10,40
2023-12-01,Beverages,Beachside Cafe,4,10,40
2023-12-03,Beverages,Beachside Cafe,6,10,60
2023-12-05,Beverages,Downtown Branch,2,10,20
2023-12-07,Beverages,Beachside Cafe,4,10,40
2023-12-26,Beverages,Uptown Bistro,1,10,10
2023-12-30,Beverages,Beachside Cafe,3,10,30
2024-01-04,Beverages,Uptown Bistro,4,10,40
2024-01-05,Beverages,Suburban Diner,3,10,30
2024-01-07,Beverages,Suburban Diner,1,10,10
2024-01-17,Beverages,Downtown Branch,3,10,30
2024-01-23,Beverages,Beachside Cafe,6,10,60
2024-01-29,Beverages,Beachside Cafe,4,10,40
2024-02-01,Beverages,Beachside Cafe,5,10,50
2024-02-02,Beverages,Uptown Bistro,4,10,40
2024-02-29,Beverages,Downtown Branch,6,10,60
2024-03-04,Beverages,Suburban Diner,4,10,40
2024-03-13,Beverages,Beachside Cafe,6,10,60
2024-03-14,Beverages,Beachside Cafe,1,10,10
2024-03-21,Beverages,Uptown Bistro,1,10,10
2024-03-31,Beverages,Suburban Diner,5,10,50
2024-04-03,Beverages,Beachside Cafe,3,10,30
2024-04-09,Beverages,Beachside Cafe,1,10,10
2024-04-16,Beverages,Uptown Bistro,3,10,30
2024-04-21,Beverages,Uptown Bistro,4,10,40
2024-04-25,Beverages,Downtown Branch,2,10,20
2024-05-04,Beverages,Beachside Cafe,6,10,60
2024-05-06,Beverages,Beachside Cafe,4,10,40
2024-05-07,Beverages,Beachside Cafe,1,10,10
2024-05-16,Beverages,Uptown Bistro,6,10,60
2024-05-22,Beverages,Downtown Branch,5,10,50
2024-06-01,Beverages,Uptown Bistro,4,10,40
2024-06-03,Beverages,Uptown Bistro,5,10,50
2024-06-05,Beverages,Beachside Cafe,4,10,40
2024-06-19,Beverages,Downtown Branch,4,10,40
2024-07-08,Beverages,Suburban Diner,3,10,30
2024-07-09,Beverages,Suburban Diner,3,10,30
2024-07-12,Beverages,Suburban Diner,6,10,60
2024-07-19,Beverages,Suburban Diner,3,10,30
2024-07-25,Beverages,Downtown Branch,2,10,20
2024-07-30,Beverages,Beachside Cafe,1,10,10
2024-08-01,Beverages,Downtown Branch,3,10,30
2024-08-03,Beverages,Beachside Cafe,1,10,10
2024-08-05,Beverages,Downtown Branch,5,10,50
2024-08-08,Beverages,Suburban Diner,2,10,20
2024-08-11,Beverages,Suburban Diner,2,10,20
2024-08-11,Beverages,Beachside Cafe,5,10,50
2024-08-17,Beverages,Downtown Branch,3,10,30
2024-08-18,Beverages,Downtown Branch,6,10,60
2024-08-27,Beverages,Beachside Cafe,4,10,40
2024-08-28,Beverages,Suburban Diner,4,10,40
2024-08-28,Beverages,Suburban Diner,6,10,60
2024-09-16,Beverages,Downtown Branch,4,10,40
2024-09-23,Beverages,Beachside Cafe,4,10,40
2024-10-08,Beverages,Downtown Branch,3,10,30
2024-10-12,Beverages,Suburban Diner,4,10,40
2024-10-19,Beverages,Downtown Branch,2,10,20
2024-10-23,Beverages,Uptown Bistro,2,10,20
2024-11-02,Beverages,Suburban Diner,2,10,20
2024-11-04,Beverages,Downtown Branch,4,10,40
2024-11-06,Beverages,Suburban Diner,1,10,10
2024-11-12,Beverages,Beachside Cafe,6,10,60
2024-11-16,Beverages,Beachside Cafe,2,10,20
2024-11-25,Beverages,Uptown Bistro,4,10,40
2024-12-02,Beverages,Downtown Branch,3,10,30
2024-12-04,Beverages,Downtown Branch,6,10,60
2024-12-06,Beverages,Downtown Branch,6,10,60
2024-12-10,Beverages,Uptown Bistro,3,10,30
2024-12-17,Beverages,Suburban Diner,4,10,40
2024-12-22,Beverages,Uptown Bistro,3,10,30
2024-12-28,Beverages,Downtown Branch,1,10,10
2024-12-30,Beverages,Downtown Branch,1,10,10
2023-01-16,Beverages,Suburban Diner,2,4,8
2023-01-19,Beverages,Uptown Bistro,1,4,4
2023-01-21,Beverages,Downtown Branch,4,4,16
2023-01-23,Beverages,Uptown Bistro,6,4,24
2023-02-09,Beverages,Suburban Diner,4,4,16
2023-02-11,Beverages,Downtown Branch,4,4,16
2023-02-15,Beverages,Uptown Bistro,4,4,16
2023-02-17,Beverages,Suburban Diner,6,4,24
2023-02-19,Beverages,Suburban Diner,5,4,20
2023-03-02,Beverages,Uptown Bistro,6,4,24
2023-03-08,Beverages,Beachside Cafe,3,4,12
2023-03-08,Beverages,Suburban Diner,1,4,4
2023-03-18,Beverages,Beachside Cafe,1,4,4
2023-03-20,Beverages,Suburban Diner,3,4,12
2023-04-15,Beverages,Suburban Diner,5,4,20
2023-05-01,Beverages,Suburban Diner,5,4,20
2023-05-02,Beverages,Beachside Cafe,6,4,24
2023-05-07,Beverages,Downtown Branch,2,4,8
2023-05-11,Beverages,Beachside Cafe,4,4,16
2023-05-27,Beverages,Beachside Cafe,1,4,4
2023-06-03,Beverages,Uptown Bistro,6,4,24
2023-06-08,Beverages,Suburban Diner,5,4,20
2023-06-23,Beverages,Beachside Cafe,4,4,16
2023-06-24,Beverages,Suburban Diner,4,4,16
2023-06-27,Beverages,Downtown Branch,5,4,20
2023-06-30,Beverages,Beachside Cafe,3,4,12
2023-07-06,Beverages,Downtown Branch,5,4,20
2023-07-28,Beverages,Downtown Branch,3,4,12
2023-07-29,Beverages,Uptown Bistro,3,4,12
2023-08-07,Beverages,Downtown Branch,6,4,24
2023-08-15,Beverages,Beachside Cafe,2,4,8
2023-08-25,Beverages,Beachside Cafe,5,4,20
2023-09-05,Beverages,Downtown Branch,5,4,20
2023-09-08,Beverages,Uptown Bistro,4,4,16
2023-09-18,Beverages,Beachside Cafe,6,4,24
2023-09-22,Beverages,Downtown Branch,2,4,8
2023-09-26,Beverages,Downtown Branch,4,4,16
2023-09-26,Beverages,Downtown Branch,4,4,16
2023-10-03,Beverages,Suburban Diner,6,4,24
2023-10-05,Beverages,Suburban Diner,5,4,20
2023-10-15,Beverages,Downtown Branch,5,4,20
2023-10-15,Beverages,Suburban Diner,6,4,24
2023-10-20,Beverages,Uptown Bistro,4,4,16
2023-10-31,Beverages,Uptown Bistro,4,4,16
2023-11-03,Beverages,Suburban Diner,4,4,16
2023-11-08,Beverages,Downtown Branch,5,4,20
2023-11-21,Beverages,Beachside Cafe,5,4,20
2023-11-30,Beverages,Suburban Diner,3,4,12
2023-11-30,Beverages,Uptown Bistro,4,4,16
2023-12-02,Beverages,Uptown Bistro,6,4,24
2023-12-09,Beverages,Beachside Cafe,1,4,4
2023-12-09,Beverages,Suburban Diner,1,4,4
2023-12-18,Beverages,Suburban Diner,5,4,20
2023-12-25,Beverages,Beachside Cafe,4,4,16
2023-12-25,Beverages,Downtown Branch,4,4,16
2023-12-26,Beverages,Downtown Branch,6,4,24
2023-12-29,Beverages,Downtown Branch,1,4,4
2023-12-31,Beverages,Uptown Bistro,5,4,20
2024-01-03,Beverages,Downtown Branch,3,4,12
2024-01-09,Beverages,Beachside Cafe,5,4,20
2024-01-20,Beverages,Beachside Cafe,4,4,16
2024-01-23,Beverages,Downtown Branch,4,4,16
2024-02-16,Beverages,Downtown Branch,4,4,16
2024-02-29,Beverages,Beachside Cafe,5,4,20
2024-03-03,Beverages,Suburban Diner,2,4,8
2024-03-08,Beverages,Downtown Branch,3,4,12
2024-03-08,Beverages,Downtown Branch,2,4,8
2024-03-17,Beverages,Uptown Bistro,4,4,16
2024-03-17,Beverages,Uptown Bistro,3,4,12
2024-03-28,Beverages,Downtown Branch,6,4,24
2024-03-29,Beverages,Suburban Diner,3,4,12
2024-04-05,Beverages,Uptown Bistro,3,4,12
2024-04-10,Beverages,Downtown Branch,5,4,20
2024-04-19,Beverages,Beachside Cafe,5,4,20
2024-05-05,Beverages,Beachside Cafe,4,4,16
2024-05-06,Beverages,Suburban Diner,6,4,24
2024-05-10,Beverages,Suburban Diner,1,4,4
2024-05-12,Beverages,Beachside Cafe,6,4,24
2024-05-13,Beverages,Uptown Bistro,6,4,24
2024-05-18,Beverages,Suburban Diner,3,4,12
2024-06-03,Beverages,Suburban Diner,3,4,12
2024-06-05,Beverages,Uptown Bistro,5,4,20
2024-06-11,Beverages,Downtown Branch,3,4,12
2024-06-15,Beverages,Downtown Branch,1,4,4
2024-06-18,Beverages,Downtown Branch,5,4,20
2024-06-28,Beverages,Suburban Diner,1,4,4
2024-06-28,Beverages,Suburban Diner,2,4,8
2024-06-29,Beverages,Uptown Bistro,5,4,20
2024-07-06,Beverages,Downtown Branch,4,4,16
2024-07-16,Beverages,Downtown Branch,3,4,12
2024-07-23,Beverages,Beachside Cafe,3,4,12
2024-07-29,Beverages,Uptown Bistro,2,4,8
2024-07-30,Beverages,Uptown Bistro,2,4,8
2024-08-02,Beverages,Suburban Diner,6,4,24
2024-08-10,Beverages,Uptown Bistro,3,4,12
2024-08-17,Beverages,Suburban Diner,3,4,12
2024-08-21,Beverages,Downtown Branch,2,4,8
2024-08-25,Beverages,Suburban Diner,1,4,4
2024-08-31,Beverages,Uptown Bistro,3,4,12
2024-09-12,Beverages,Suburban Diner,3,4,12
2024-09-29,Beverages,Uptown Bistro,4,4,16
2024-10-02,Beverages,Suburban Diner,2,4,8
2024-10-05,Beverages,Suburban Diner,6,4,24
2024-10-09,Beverages,Uptown Bistro,3,4,12
2024-10-20,Beverages,Suburban Diner,2,4,8
2024-10-23,Beverages,Downtown Branch,5,4,20
2024-11-15,Beverages,Downtown Branch,4,4,16
2024-11-28,Beverages,Uptown Bistro,1,4,4
2024-12-15,Beverages,Uptown Bistro,1,4,4
2024-12-16,Beverages,Beachside Cafe,6,4,24
2024-12-23,Beverages,Uptown Bistro,6,4,24
2024-12-25,Beverages,Suburban Diner,5,4,20
2023-01-03,Desserts,Suburban Diner,2,11,22
2023-01-13,Desserts,Downtown Branch,5,11,55
2023-01-21,Desserts,Downtown Branch,3,11,33
2023-01-24,Desserts,Suburban Diner,2,11,22
2023-02-02,Desserts,Uptown Bistro,4,11,44
2023-02-03,Desserts,Beachside Cafe,5,11,55
2023-02-22,Desserts,Uptown Bistro,2,11,22
2023-02-22,Desserts,Suburban Diner,2,11,22
2023-02-24,Desserts,Beachside Cafe,3,11,33
2023-02-25,Desserts,Uptown Bistro,2,11,22
2023-03-07,Desserts,Suburban Diner,6,11,66
2023-03-21,Desserts,Downtown Branch,5,11,55
2023-03-26,Desserts,Uptown Bistro,5,11,55
2023-04-06,Desserts,Downtown Branch,4,11,44
2023-04-08,Desserts,Beachside Cafe,2,11,22
2023-04-11,Desserts,Suburban Diner,6,11,66
2023-04-22,Desserts,Uptown Bistro,1,11,11
2023-04-24,Desserts,Downtown Branch,2,11,22
2023-04-24,Desserts,Downtown Branch,2,11,22
2023-04-28,Desserts,Beachside Cafe,4,11,44
2023-04-30,Desserts,Downtown Branch,5,11,55
2023-05-10,Desserts,Downtown Branch,5,11,55
2023-05-14,Desserts,Downtown Branch,3,11,33
2023-05-17,Desserts,Suburban Diner,2,11,22
2023-06-10,Desserts,Downtown Branch,3,11,33
2023-06-16,Desserts,Suburban Diner,4,11,44
2023-07-04,Desserts,Uptown Bistro,5,11,55
2023-07-21,Desserts,Downtown Branch,2,11,22
2023-07-23,Desserts,Beachside Cafe,5,11,55
2023-07-28,Desserts,Suburban Diner,2,11,22
2023-07-30,Desserts,Suburban Diner,6,11,66
2023-08-04,Desserts,Suburban Diner,6,11,66
2023-08-08,Desserts,Suburban Diner,2,11,22
2023-08-16,Desserts,Downtown Branch,6,11,66
2023-08-18,Desserts,Downtown Branch,3,11,33
2023-09-06,Desserts,Downtown Branch,4,11,44
2023-09-11,Desserts,Uptown Bistro,6,11,66
2023-09-13,Desserts,Beachside Cafe,3,11,33
2023-09-17,Desserts,Uptown Bistro,2,11,22
2023-09-23,Desserts,Beachside Cafe,4,11,44
2023-09-26,Desserts,Downtown Branch,5,11,55
2023-09-27,Desserts,Downtown Branch,3,11,33
2023-09-29,Desserts,Beachside Cafe,3,11,33
2023-10-17,Desserts,Suburban Diner,6,11,66
2023-10-25,Desserts,Downtown Branch,6,11,66
2023-10-27,Desserts,Beachside Cafe,2,11,22
2023-10-28,Desserts,Downtown Branch,1,11,11
2023-11-01,Desserts,Suburban Diner,5,11,55
2023-11-01,Desserts,Downtown Branch,1,11,11
2023-11-13,Desserts,Beachside Cafe,1,11,11
2023-11-14,Desserts,Beachside Cafe,4,11,44
2023-11-16,Desserts,Suburban Diner,5,11,55
2023-11-23,Desserts,Beachside Cafe,3,11,33
2023-12-15,Desserts,Downtown Branch,4,11,44
2023-12-18,Desserts,Beachside Cafe,2,11,22
2023-12-21,Desserts,Uptown Bistro,1,11,11
2023-12-24,Desserts,Beachside Cafe,2,11,22
2023-12-25,Desserts,Beachside Cafe,2,11,22
2024-01-02,Desserts,Beachside Cafe,3,11,33
2024-01-08,Desserts,Suburban Diner,4,11,44
2024-01-15,Desserts,Uptown Bistro,5,11,55
2024-01-17,Desserts,Beachside Cafe,6,11,66
2024-01-25,Desserts,Beachside Cafe,4,11,44
2024-01-30,Desserts,Suburban Diner,4,11,44
2024-02-02,Desserts,Beachside Cafe,1,11,11
2024-02-06,Desserts,Uptown Bistro,4,11,44
2024-02-14,Desserts,Beachside Cafe,3,11,33
2024-02-16,Desserts,Downtown Branch,6,11,66
2024-02-28,Desserts,Beachside Cafe,6,11,66
2024-03-10,Desserts,Uptown Bistro,6,11,66
2024-03-19,Desserts,Suburban Diner,3,11,33
2024-03-20,Desserts,Downtown Branch,4,11,44
2024-03-29,Desserts,Beachside Cafe,6,11,66
2024-04-03,Desserts,Beachside Cafe,2,11,22
2024-04-04,Desserts,Beachside Cafe,6,11,66
2024-04-05,Desserts,Downtown Branch,3,11,33
2024-04-07,Desserts,Downtown Branch,2,11,22
2024-04-10,Desserts,Uptown Bistro,2,11,22
2024-04-21,Desserts,Beachside Cafe,6,11,66
2024-04-29,Desserts,Suburban Diner,3,11,33
2024-05-03,Desserts,Suburban Diner,2,11,22
2024-05-05,Desserts,Beachside Cafe,4,11,44
2024-05-10,Desserts,Suburban Diner,2,11,22
2024-05-23,Desserts,Downtown Branch,1,11,11
2024-05-25,Desserts,Suburban Diner,3,11,33
2024-06-06,Desserts,Suburban Diner,6,11,66
2024-06-14,Desserts,Uptown Bistro,1,11,11
2024-07-11,Desserts,Downtown Branch,3,11,33
2024-07-11,Desserts,Suburban Diner,4,11,44
2024-07-11,Desserts,Beachside Cafe,2,11,22
2024-07-12,Desserts,Suburban Diner,3,11,33
2024-08-02,Desserts,Uptown Bistro,2,11,22
2024-08-07,Desserts,Suburban Diner,5,11,55
2024-08-09,Desserts,Downtown Branch,5,11,55
2024-08-11,Desserts,Beachside Cafe,1,11,11
2024-08-13,Desserts,Downtown Branch,1,11,11
2024-08-13,Desserts,Beachside Cafe,1,11,11
2024-08-23,Desserts,Beachside Cafe,4,11,44
2024-08-24,Desserts,Uptown Bistro,5,11,55
2024-09-07,Desserts,Beachside Cafe,4,11,44
2024-09-08,Desserts,Uptown Bistro,3,11,33
2024-10-14,Desserts,Suburban Diner,6,11,66
2024-10-31,Desserts,Uptown Bistro,1,11,11
2024-11-01,Desserts,Uptown Bistro,6,11,66
2024-11-03,Desserts,Beachside Cafe,6,11,66
2024-11-04,Desserts,Suburban Diner,6,11,66
2024-11-10,Desserts,Beachside Cafe,4,11,44
2024-11-12,Desserts,Suburban Diner,4,11,44
2024-11-17,Desserts,Uptown Bistro,6,11,66
2024-11-30,Desserts,Beachside Cafe,6,11,66
2024-12-09,Desserts,Downtown Branch,6,11,66
2024-12-09,Desserts,Beachside Cafe,6,11,66
2024-12-20,Desserts,Downtown Branch,2,11,22
2024-12-24,Desserts,Uptown Bistro,2,11,22
2023-01-07,Desserts,Suburban Diner,1,12,12
2023-01-10,Desserts,Uptown Bistro,4,12,48
2023-01-17,Desserts,Uptown Bistro,6,12,72
2023-01-17,Desserts,Suburban Diner,6,12,72
2023-01-24,Desserts,Beachside Cafe,4,12,48
2023-01-27,Desserts,Downtown Branch,3,12,36
2023-01-29,Desserts,Suburban Diner,6,12,72
2023-01-31,Desserts,Beachside Cafe,6,12,72
2023-02-16,Desserts,Suburban Diner,3,12,36
2023-02-23,Desserts,Suburban Diner,2,12,24
2023-03-08,Desserts,Suburban Diner,1,12,12
2023-03-11,Desserts,Suburban Diner,6,12,72
2023-03-16,Desserts,Suburban Diner,4,12,48
2023-03-24,Desserts,Beachside Cafe,2,12,24
2023-04-09,Desserts,Uptown Bistro,2,12,24
2023-04-16,Desserts,Suburban Diner,1,12,12
2023-04-23,Desserts,Beachside Cafe,4,12,48
2023-04-23,Desserts,Uptown Bistro,6,12,72
2023-04-24,Desserts,Beachside Cafe,4,12,48
2023-04-28,Desserts,Uptown Bistro,1,12,12
2023-04-29,Desserts,Uptown Bistro,4,12,48
2023-05-05,Desserts,Beachside Cafe,4,12,48
2023-05-13,Desserts,Uptown Bistro,1,12,12
2023-05-13,Desserts,Uptown Bistro,2,12,24
2023-05-16,Desserts,Beachside Cafe,3,12,36
2023-05-19,Desserts,Uptown Bistro,1,12,12
2023-05-22,Desserts,Suburban Diner,1,12,12
2023-05-27,Desserts,Suburban Diner,6,12,72
2023-06-03,Desserts,Uptown Bistro,2,12,24
2023-06-04,Desserts,Suburban Diner,1,12,12
2023-06-05,Desserts,Uptown Bistro,1,12,12
2023-06-09,Desserts,Downtown Branch,4,12,48
2023-06-19,Desserts,Suburban Diner,5,12,60
2023-06-23,Desserts,Downtown Branch,1,12,12
2023-06-28,Desserts,Downtown Branch,5,12,60
2023-07-02,Desserts,Uptown Bistro,6,12,72
2023-07-09,Desserts,Downtown Branch,3,12,36
2023-07-12,Desserts,Uptown Bistro,5,12,60
2023-07-16,Desserts,Suburban Diner,5,12,60
2023-07-19,Desserts,Beachside Cafe,6,12,72
2023-08-05,Desserts,Suburban Diner,2,12,24
2023-08-05,Desserts,Downtown Branch,5,12,60
2023-08-08,Desserts,Beachside Cafe,1,12,12
2023-08-17,Desserts,Suburban Diner,6,12,72
2023-08-21,Desserts,Uptown Bistro,4,12,48
2023-08-23,Desserts,Downtown Branch,2,12,24
2023-09-01,Desserts,Uptown Bistro,4,12,48
2023-09-02,Desserts,Downtown Branch,4,12,48
2023-09-11,Desserts,Downtown Branch,1,12,12
2023-09-13,Desserts,Uptown Bistro,5,12,60
2023-09-13,Desserts,Downtown Branch,4,12,48
2023-09-18,Desserts,Suburban Diner,6,12,72
2023-09-22,Desserts,Uptown Bistro,6,12,72
2023-09-23,Desserts,Downtown Branch,4,12,48
2023-10-17,Desserts,Uptown Bistro,5,12,60
2023-10-17,Desserts,Uptown Bistro,2,12,24
2023-10-21,Desserts,Uptown Bistro,3,12,36
2023-10-23,Desserts,Downtown Branch,5,12,60
2023-10-25,Desserts,Suburban Diner,5,12,60
2023-10-26,Desserts,Uptown Bistro,3,12,36
2023-10-28,Desserts,Downtown Branch,3,12,36
2023-11-25,Desserts,Beachside Cafe,5,12,60
2023-11-25,Desserts,Uptown Bistro,4,12,48
2023-12-03,Desserts,Suburban Diner,1,12,12
2023-12-03,Desserts,Beachside Cafe,5,12,60
2023-12-05,Desserts,Suburban Diner,3,12,36
2023-12-06,Desserts,Downtown Branch,6,12,72
2023-12-08,Desserts,Beachside Cafe,6,12,72
2023-12-09,Desserts,Downtown Branch,4,12,48
2023-12-13,Desserts,Downtown Branch,2,12,24
2023-12-25,Desserts,Beachside Cafe,6,12,72
2024-01-01,Desserts,Beachside Cafe,3,12,36
2024-01-04,Desserts,Downtown Branch,2,12,24
2024-01-11,Desserts,Suburban Diner,6,12,72
2024-01-12,Desserts,Beachside Cafe,2,12,24
2024-01-23,Desserts,Beachside Cafe,5,12,60
2024-02-04,Desserts,Beachside Cafe,3,12,36
2024-02-20,Desserts,Suburban Diner,2,12,24
2024-03-03,Desserts,Beachside Cafe,4,12,48
2024-03-08,Desserts,Suburban Diner,6,12,72
2024-03-10,Desserts,Uptown Bistro,4,12,48
2024-03-11,Desserts,Downtown Branch,3,12,36
2024-03-24,Desserts,Uptown Bistro,2,12,24
2024-04-02,Desserts,Beachside Cafe,1,12,12
2024-04-05,Desserts,Beachside Cafe,5,12,60
2024-04-27,Desserts,Downtown Branch,4,12,48
2024-04-30,Desserts,Suburban Diner,1,12,12
2024-05-08,Desserts,Uptown Bistro,5,12,60
2024-05-14,Desserts,Uptown Bistro,1,12,12
2024-05-16,Desserts,Suburban Diner,3,12,36
2024-05-19,Desserts,Downtown Branch,2,12,24
2024-05-22,Desserts,Downtown Branch,5,12,60
2024-05-22,Desserts,Beachside Cafe,5,12,60
2024-05-26,Desserts,Uptown Bistro,4,12,48
2024-05-30,Desserts,Downtown Branch,6,12,72
2024-06-13,Desserts,Beachside Cafe,1,12,12
2024-06-15,Desserts,Suburban Diner,4,12,48
2024-06-28,Desserts,Downtown Branch,6,12,72
2024-07-01,Desserts,Suburban Diner,3,12,36
2024-07-11,Desserts,Downtown Branch,1,12,12
2024-07-15,Desserts,Beachside Cafe,4,12,48
2024-07-19,Desserts,Uptown Bistro,6,12,72
2024-07-20,Desserts,Downtown Branch,3,12,36
2024-07-29,Desserts,Downtown Branch,3,12,36
2024-08-05,Desserts,Beachside Cafe,6,12,72
2024-08-10,Desserts,Suburban Diner,5,12,60
2024-08-11,Desserts,Suburban Diner,4,12,48
2024-08-17,Desserts,Beachside Cafe,5,12,60
2024-08-18,Desserts,Downtown Branch,3,12,36
2024-08-20,Desserts,Uptown Bistro,1,12,12
2024-08-30,Desserts,Downtown Branch,4,12,48
2024-09-02,Desserts,Uptown Bistro,1,12,12
2024-09-07,Desserts,Uptown Bistro,1,12,12
2024-09-08,Desserts,Uptown Bistro,5,12,60
2024-10-03,Desserts,Downtown Branch,6,12,72
2024-10-07,Desserts,Suburban Diner,2,12,24
2024-10-22,Desserts,Suburban Diner,1,12,12
2024-11-08,Desserts,Uptown Bistro,1,12,12
2024-11-13,Desserts,Uptown Bistro,5,12,60
2024-11-14,Desserts,Downtown Branch,5,12,60
2024-11-20,Desserts,Downtown Branch,4,12,48
2024-12-03,Desserts,Suburban Diner,1,12,12
2024-12-12,Desserts,Uptown Bistro,4,12,48
2024-12-20,Desserts,Beachside Cafe,3,12,36
2024-12-23,Desserts,Suburban Diner,6,12,72
2024-12-24,Desserts,Suburban Diner,5,12,60
2024-12-25,Desserts,Beachside Cafe,4,12,48
2024-12-29,Desserts,Downtown Branch,1,12,12
2024-12-30,Desserts,Beachside Cafe,2,12,24
2023-01-24,Appetizers,Suburban Diner,1,14,14
2023-01-27,Appetizers,Beachside Cafe,1,14,14
2023-01-27,Appetizers,Suburban Diner,5,14,70
2023-01-29,Appetizers,Downtown Branch,1,14,14
2023-01-31,Appetizers,Uptown Bistro,4,14,56
2023-02-12,Appetizers,Downtown Branch,2,14,28
2023-02-18,Appetizers,Suburban Diner,5,14,70
2023-02-20,Appetizers,Beachside Cafe,3,14,42
2023-02-21,Appetizers,Downtown Branch,1,14,14
2023-02-23,Appetizers,Uptown Bistro,5,14,70
2023-03-03,Appetizers,Downtown Branch,2,14,28
2023-03-04,Appetizers,Uptown Bistro,5,14,70
2023-03-13,Appetizers,Suburban Diner,3,14,42
2023-03-31,Appetizers,Uptown Bistro,4,14,56
2023-04-01,Appetizers,Beachside Cafe,2,14,28
2023-04-08,Appetizers,Uptown Bistro,4,14,56
2023-04-11,Appetizers,Suburban Diner,5,14,70
2023-04-16,Appetizers,Uptown Bistro,3,14,42
2023-04-18,Appetizers,Beachside Cafe,5,14,70
2023-05-01,Appetizers,Beachside Cafe,1,14,14
2023-05-01,Appetizers,Downtown Branch,2,14,28
2023-05-03,Appetizers,Uptown Bistro,1,14,14
2023-05-05,Appetizers,Downtown Branch,2,14,28
2023-05-09,Appetizers,Uptown Bistro,2,14,28
2023-05-10,Appetizers,Downtown Branch,1,14,14
2023-05-11,Appetizers,Beachside Cafe,2,14,28
2023-05-16,Appetizers,Beachside Cafe,5,14,70
2023-05-24,Appetizers,Suburban Diner,4,14,56
2023-05-28,Appetizers,Downtown Branch,3,14,42
2023-06-01,Appetizers,Downtown Branch,2,14,28
2023-06-08,Appetizers,Suburban Diner,5,14,70
2023-06-13,Appetizers,Downtown Branch,3,14,42
2023-06-16,Appetizers,Beachside Cafe,6,14,84
2023-06-28,Appetizers,Downtown Branch,2,14,28
2023-07-07,Appetizers,Suburban Diner,3,14,42
2023-07-09,Appetizers,Beachside Cafe,6,14,84
2023-07-21,Appetizers,Suburban Diner,1,14,14
2023-07-23,Appetizers,Beachside Cafe,6,14,84
2023-07-25,Appetizers,Suburban Diner,3,14,42
2023-07-31,Appetizers,Downtown Branch,2,14,28
2023-08-03,Appetizers,Suburban Diner,2,14,28
2023-08-07,Appetizers,Suburban Diner,1,14,14
2023-08-08,Appetizers,Beachside Cafe,3,14,42
2023-08-10,Appetizers,Beachside Cafe,4,14,56
2023-08-12,Appetizers,Beachside Cafe,5,14,70
2023-08-15,Appetizers,Suburban Diner,3,14,42
2023-08-22,Appetizers,Beachside Cafe,2,14,28
2023-08-24,Appetizers,Beachside Cafe,6,14,84
2023-08-27,Appetizers,Downtown Branch,4,14,56
2023-08-30,Appetizers,Downtown Branch,6,14,84
2023-09-04,Appetizers,Beachside Cafe,1,14,14
2023-09-04,Appetizers,Beachside Cafe,6,14,84
2023-09-05,Appetizers,Beachside Cafe,6,14,84
2023-09-08,Appetizers,Downtown Branch,4,14,56
2023-09-20,Appetizers,Suburban Diner,2,14,28
2023-09-26,Appetizers,Uptown Bistro,6,14,84
2023-10-01,Appetizers,Uptown Bistro,4,14,56
2023-10-14,Appetizers,Beachside Cafe,5,14,70
2023-10-30,Appetizers,Downtown Branch,2,14,28
2023-11-07,Appetizers,Suburban Diner,1,14,14
2023-11-08,Appetizers,Suburban Diner,1,14,14
2023-11-11,Appetizers,Downtown Branch,3,14,42
2023-11-14,Appetizers,Uptown Bistro,5,14,70
2023-11-16,Appetizers,Beachside Cafe,3,14,42
2023-11-27,Appetizers,Suburban Diner,6,14,84
2023-11-30,Appetizers,Beachside Cafe,1,14,14
2023-12-14,Appetizers,Suburban Diner,3,14,42
2023-12-15,Appetizers,Beachside Cafe,1,14,14
2023-12-16,Appetizers,Downtown Branch,4,14,56
2023-12-20,Appetizers,Beachside Cafe,3,14,42
2023-12-22,Appetizers,Suburban Diner,2,14,28
2023-12-28,Appetizers,Beachside Cafe,6,14,84
2024-01-06,Appetizers,Beachside Cafe,5,14,70
2024-01-06,Appetizers,Uptown Bistro,4,14,56
2024-01-29,Appetizers,Uptown Bistro,6,14,84
2024-02-04,Appetizers,Suburban Diner,2,14,28
2024-02-04,Appetizers,Downtown Branch,3,14,42
2024-02-09,Appetizers,Uptown Bistro,4,14,56
2024-02-26,Appetizers,Uptown Bistro,4,14,56
2024-02-29,Appetizers,Uptown Bistro,1,14,14
2024-03-09,Appetizers,Suburban Diner,3,14,42
2024-03-09,Appetizers,Uptown Bistro,2,14,28
2024-03-13,Appetizers,Uptown Bistro,5,14,70
2024-03-16,Appetizers,Uptown Bistro,6,14,84
2024-04-01,Appetizers,Uptown Bistro,5,14,70
2024-04-03,Appetizers,Suburban Diner,1,14,14
2024-04-11,Appetizers,Downtown Branch,1,14,14
2024-05-01,Appetizers,Beachside Cafe,6,14,84
2024-05-04,Appetizers,Downtown Branch,6,14,84
2024-05-08,Appetizers,Uptown Bistro,4,14,56
2024-05-09,Appetizers,Suburban Diner,3,14,42
2024-05-11,Appetizers,Downtown Branch,3,14,42
2024-05-22,Appetizers,Beachside Cafe,3,14,42
2024-05-25,Appetizers,Suburban Diner,5,14,70
2024-06-04,Appetizers,Suburban Diner,5,14,70
2024-06-05,Appetizers,Downtown Branch,1,14,14
2024-06-06,Appetizers,Suburban Diner,2,14,28
2024-06-10,Appetizers,Downtown Branch,3,14,42
2024-06-21,Appetizers,Uptown Bistro,3,14,42
2024-06-21,Appetizers,Suburban Diner,1,14,14
2024-06-27,Appetizers,Downtown Branch,3,14,42
2024-06-27,Appetizers,Suburban Diner,6,14,84
2024-06-29,Appetizers,Uptown Bistro,2,14,28
2024-07-19,Appetizers,Suburban Diner,1,14,14
2024-07-20,Appetizers,Uptown Bistro,4,14,56
2024-07-20,Appetizers,Downtown Branch,5,14,70
2024-07-30,Appetizers,Downtown Branch,5,14,70
2024-08-23,Appetizers,Suburban Diner,1,14,14
2024-08-23,Appetizers,Downtown Branch,5,14,70
2024-08-24,Appetizers,Suburban Diner,3,14,42
2024-08-25,Appetizers,Uptown Bistro,1,14,14
2024-08-26,Appetizers,Beachside Cafe,2,14,28
2024-09-06,Appetizers,Downtown Branch,4,14,56
2024-09-11,Appetizers,Downtown Branch,1,14,14
2024-09-18,Appetizers,Suburban Diner,4,14,56
2024-09-20,Appetizers,Beachside Cafe,2,14,28
2024-10-03,Appetizers,Uptown Bistro,6,14,84
2024-10-06,Appetizers,Uptown Bistro,1,14,14
2024-10-07,Appetizers,Suburban Diner,4,14,56
2024-10-13,Appetizers,Uptown Bistro,5,14,70
2024-10-26,Appetizers,Suburban Diner,6,14,84
2024-10-28,Appetizers,Beachside Cafe,2,14,28
2024-11-01,Appetizers,Beachside Cafe,4,14,56
2024-11-03,Appetizers,Suburban Diner,2,14,28
2024-11-06,Appetizers,Downtown Branch,4,14,56
2024-11-07,Appetizers,Downtown Branch,5,14,70
2024-11-10,Appetizers,Beachside Cafe,5,14,70
2024-11-24,Appetizers,Downtown Branch,4,14,56
2024-12-25,Appetizers,Downtown Branch,6,14,84
2023-01-01,Appetizers,Downtown Branch,3,10,30
2023-01-03,Appetizers,Beachside Cafe,3,10,30
2023-01-06,Appetizers,Downtown Branch,1,10,10
2023-01-07,Appetizers,Uptown Bistro,5,10,50
2023-01-07,Appetizers,Suburban Diner,4,10,40
2023-01-08,Appetizers,Downtown Branch,1,10,10
2023-01-14,Appetizers,Suburban Diner,1,10,10
2023-01-18,Appetizers,Beachside Cafe,6,10,60
2023-01-19,Appetizers,Downtown Branch,3,10,30
2023-01-20,Appetizers,Suburban Diner,2,10,20
2023-01-22,Appetizers,Uptown Bistro,1,10,10
2023-01-26,Appetizers,Downtown Branch,6,10,60
2023-01-30,Appetizers,Uptown Bistro,2,10,20
2023-02-02,Appetizers,Suburban Diner,1,10,10
2023-02-08,Appetizers,Downtown Branch,4,10,40
2023-02-10,Appetizers,Uptown Bistro,1,10,10
2023-02-13,Appetizers,Suburban Diner,3,10,30
2023-02-18,Appetizers,Suburban Diner,1,10,10
2023-02-18,Appetizers,Suburban Diner,1,10,10
2023-02-23,Appetizers,Downtown Branch,6,10,60
2023-02-24,Appetizers,Downtown Branch,3,10,30
2023-02-27,Appetizers,Uptown Bistro,1,10,10
2023-02-27,Appetizers,Beachside Cafe,4,10,40
2023-03-11,Appetizers,Uptown Bistro,6,10,60
2023-03-17,Appetizers,Uptown Bistro,4,10,40
2023-03-19,Appetizers,Downtown Branch,6,10,60
2023-04-04,Appetizers,Downtown Branch,3,10,30
2023-04-09,Appetizers,Uptown Bistro,2,10,20
2023-04-14,Appetizers,Suburban Diner,5,10,50
2023-04-15,Appetizers,Suburban Diner,1,10,10
2023-04-24,Appetizers,Beachside Cafe,2,10,20
2023-04-25,Appetizers,Suburban Diner,5,10,50
2023-04-26,Appetizers,Beachside Cafe,2,10,20
2023-04-28,Appetizers,Suburban Diner,1,10,10
2023-05-03,Appetizers,Beachside Cafe,5,10,50
2023-05-04,Appetizers,Uptown Bistro,1,10,10
2023-05-06,Appetizers,Downtown Branch,1,10,10
2023-05-06,Appetizers,Beachside Cafe,5,10,50
2023-05-08,Appetizers,Uptown Bistro,3,10,30
2023-05-18,Appetizers,Downtown Branch,4,10,40
2023-05-19,Appetizers,Suburban Diner,4,10,40
2023-05-20,Appetizers,Beachside Cafe,1,10,10
2023-05-21,Appetizers,Suburban Diner,3,10,30
2023-05-23,Appetizers,Suburban Diner,5,10,50
2023-06-07,Appetizers,Suburban Diner,2,10,20
2023-06-16,Appetizers,Downtown Branch,3,10,30
2023-06-19,Appetizers,Uptown Bistro,2,10,20
2023-06-25,Appetizers,Suburban Diner,4,10,40
2023-06-30,Appetizers,Downtown Branch,6,10,60
2023-07-10,Appetizers,Uptown Bistro,5,10,50
2023-07-11,Appetizers,Uptown Bistro,1,10,10
2023-07-11,Appetizers,Downtown Branch,2,10,20
2023-07-17,Appetizers,Suburban Diner,5,10,50
2023-07-19,Appetizers,Suburban Diner,5,10,50
2023-08-02,Appetizers,Downtown Branch,5,10,50
2023-08-07,Appetizers,Suburban Diner,6,10,60
2023-08-14,Appetizers,Uptown Bistro,2,10,20
2023-08-25,Appetizers,Beachside Cafe,3,10,30
2023-08-28,Appetizers,Uptown Bistro,5,10,50
2023-09-05,Appetizers,Suburban Diner,4,10,40
2023-09-11,Appetizers,Suburban Diner,1,10,10
2023-09-21,Appetizers,Suburban Diner,5,10,50
2023-09-24,Appetizers,Uptown Bistro,3,10,30
2023-10-02,Appetizers,Uptown Bistro,1,10,10
2023-10-05,Appetizers,Downtown Branch,4,10,40
2023-10-13,Appetizers,Suburban Diner,4,10,40
2023-10-30,Appetizers,Beachside Cafe,3,10,30
2023-10-31,Appetizers,Suburban Diner,5,10,50
2023-11-05,Appetizers,Downtown Branch,1,10,10
2023-11-10,Appetizers,Suburban Diner,4,10,40
2023-11-17,Appetizers,Uptown Bistro,3,10,30
2023-11-19,Appetizers,Beachside Cafe,6,10,60
2023-11-25,Appetizers,Uptown Bistro,3,10,30
2023-12-04,Appetizers,Suburban Diner,5,10,50
2023-12-16,Appetizers,Beachside Cafe,3,10,30
2023-12-17,Appetizers,Suburban Diner,5,10,50
2023-12-21,Appetizers,Suburban Diner,6,10,60
2024-01-07,Appetizers,Uptown Bistro,6,10,60
2024-01-11,Appetizers,Beachside Cafe,4,10,40
2024-01-12,Appetizers,Uptown Bistro,4,10,40
2024-01-16,Appetizers,Beachside Cafe,1,10,10
2024-01-28,Appetizers,Uptown Bistro,4,10,40
2024-01-30,Appetizers,Uptown Bistro,4,10,40
2024-02-01,Appetizers,Suburban Diner,4,10,40
2024-02-21,Appetizers,Suburban Diner,5,10,50
2024-03-03,Appetizers,Uptown Bistro,4,10,40
2024-03-04,Appetizers,Uptown Bistro,4,10,40
2024-03-05,Appetizers,Uptown Bistro,4,10,40
2024-03-08,Appetizers,Downtown Branch,2,10,20
2024-03-12,Appetizers,Downtown Branch,5,10,50
2024-03-20,Appetizers,Beachside Cafe,5,10,50
2024-03-21,Appetizers,Uptown Bistro,4,10,40
2024-03-21,Appetizers,Suburban Diner,6,10,60
2024-03-22,Appetizers,Uptown Bistro,1,10,10
2024-04-02,Appetizers,Suburban Diner,2,10,20
2024-04-14,Appetizers,Downtown Branch,4,10,40
2024-04-30,Appetizers,Downtown Branch,1,10,10
2024-05-05,Appetizers,Uptown Bistro,4,10,40
2024-05-07,Appetizers,Uptown Bistro,1,10,10
2024-05-10,Appetizers,Beachside Cafe,3,10,30
2024-05-15,Appetizers,Beachside Cafe,4,10,40
2024-05-16,Appetizers,Downtown Branch,2,10,20
2024-05-26,Appetizers,Suburban Diner,1,10,10
2024-05-26,Appetizers,Uptown Bistro,3,10,30
2024-06-05,Appetizers,Uptown Bistro,6,10,60
2024-06-15,Appetizers,Beachside Cafe,2,10,20
2024-06-17,Appetizers,Beachside Cafe,4,10,40
2024-06-17,Appetizers,Uptown Bistro,2,10,20
2024-06-17,Appetizers,Suburban Diner,6,10,60
2024-06-22,Appetizers,Uptown Bistro,6,10,60
2024-07-12,Appetizers,Beachside Cafe,3,10,30
2024-07-14,Appetizers,Beachside Cafe,3,10,30
2024-07-15,Appetizers,Uptown Bistro,2,10,20
2024-07-19,Appetizers,Beachside Cafe,4,10,40
2024-07-21,Appetizers,Beachside Cafe,5,10,50
2024-07-26,Appetizers,Suburban Diner,3,10,30
2024-08-05,Appetizers,Uptown Bistro,3,10,30
2024-08-13,Appetizers,Downtown Branch,6,10,60
2024-08-24,Appetizers,Suburban Diner,1,10,10
2024-08-26,Appetizers,Uptown Bistro,3,10,30
2024-08-26,Appetizers,Beachside Cafe,4,10,40
2024-08-29,Appetizers,Downtown Branch,5,10,50
2024-09-09,Appetizers,Downtown Branch,3,10,30
2024-09-15,Appetizers,Uptown Bistro,2,10,20
2024-09-21,Appetizers,Suburban Diner,6,10,60
2024-09-28,Appetizers,Suburban Diner,4,10,40
2024-10-05,Appetizers,Downtown Branch,5,10,50
2024-10-13,Appetizers,Beachside Cafe,1,10,10
2024-10-13,Appetizers,Uptown Bistro,4,10,40
2024-10-17,Appetizers,Beachside Cafe,2,10,20
2024-11-04,Appetizers,Beachside Cafe,1,10,10
2024-11-07,Appetizers,Beachside Cafe,4,10,40
2024-11-08,Appetizers,Uptown Bistro,1,10,10
2024-11-13,Appetizers,Downtown Branch,1,10,10
2024-11-26,Appetizers,Downtown Branch,1,10,10
2024-12-03,Appetizers,Suburban Diner,5,10,50
2024-12-20,Appetizers,Downtown Branch,5,10,50
2024-12-27,Appetizers,Beachside Cafe,5,10,50
2024-12-28,Appetizers,Uptown Bistro,2,10,20
2023-01-08,Appetizers,Uptown Bistro,1,15,15
2023-01-09,Appetizers,Uptown Bistro,3,15,45
2023-01-20,Appetizers,Uptown Bistro,4,15,60
2023-01-24,Appetizers,Downtown Branch,3,15,45
2023-01-25,Appetizers,Uptown Bistro,5,15,75
2023-01-27,Appetizers,Beachside Cafe,1,15,15
2023-02-14,Appetizers,Suburban Diner,1,15,15
2023-02-28,Appetizers,Suburban Diner,5,15,75
2023-03-01,Appetizers,Uptown Bistro,3,15,45
2023-03-02,Appetizers,Uptown Bistro,5,15,75
2023-03-03,Appetizers,Downtown Branch,4,15,60
2023-03-03,Appetizers,Uptown Bistro,5,15,75
2023-03-18,Appetizers,Uptown Bistro,2,15,30
2023-03-27,Appetizers,Suburban Diner,3,15,45
2023-03-31,Appetizers,Beachside Cafe,2,15,30
2023-04-13,Appetizers,Suburban Diner,6,15,90
2023-04-19,Appetizers,Beachside Cafe,1,15,15
2023-04-23,Appetizers,Uptown Bistro,3,15,45
2023-04-23,Appetizers,Downtown Branch,1,15,15
2023-04-23,Appetizers,Suburban Diner,6,15,90
2023-04-26,Appetizers,Beachside Cafe,4,15,60
2023-05-01,Appetizers,Suburban Diner,5,15,75
2023-05-13,Appetizers,Beachside Cafe,2,15,30
2023-05-25,Appetizers,Downtown Branch,1,15,15
2023-06-02,Appetizers,Downtown Branch,1,15,15
2023-06-24,Appetizers,Downtown Branch,4,15,60
2023-06-26,Appetizers,Downtown Branch,3,15,45
2023-06-27,Appetizers,Beachside Cafe,2,15,30
2023-06-28,Appetizers,Downtown Branch,3,15,45
2023-06-30,Appetizers,Suburban Diner,6,15,90
2023-07-21,Appetizers,Beachside Cafe,3,15,45
2023-07-24,Appetizers,Uptown Bistro,6,15,90
2023-07-26,Appetizers,Uptown Bistro,1,15,15
2023-08-04,Appetizers,Downtown Branch,4,15,60
2023-08-10,Appetizers,Suburban Diner,3,15,45
2023-08-12,Appetizers,Suburban Diner,3,15,45
2023-08-12,Appetizers,Uptown Bistro,1,15,15
2023-08-14,Appetizers,Downtown Branch,1,15,15
2023-08-21,Appetizers,Uptown Bistro,1,15,15
2023-08-28,Appetizers,Suburban Diner,5,15,75
2023-09-03,Appetizers,Suburban Diner,1,15,15
2023-09-04,Appetizers,Downtown Branch,4,15,60
2023-09-04,Appetizers,Uptown Bistro,1,15,15
2023-09-19,Appetizers,Downtown Branch,1,15,15
2023-09-19,Appetizers,Uptown Bistro,1,15,15
2023-09-23,Appetizers,Uptown Bistro,1,15,15
2023-09-29,Appetizers,Uptown Bistro,5,15,75
2023-09-30,Appetizers,Beachside Cafe,2,15,30
2023-10-01,Appetizers,Suburban Diner,1,15,15
2023-10-01,Appetizers,Uptown Bistro,5,15,75
2023-10-02,Appetizers,Uptown Bistro,5,15,75
2023-10-04,Appetizers,Beachside Cafe,2,15,30
2023-10-16,Appetizers,Downtown Branch,6,15,90
2023-10-17,Appetizers,Beachside Cafe,3,15,45
2023-10-19,Appetizers,Beachside Cafe,2,15,30
2023-10-20,Appetizers,Beachside Cafe,5,15,75
2023-10-25,Appetizers,Downtown Branch,3,15,45
2023-10-26,Appetizers,Uptown Bistro,6,15,90
2023-10-31,Appetizers,Uptown Bistro,5,15,75
2023-11-08,Appetizers,Uptown Bistro,1,15,15
2023-11-24,Appetizers,Downtown Branch,3,15,45
2023-11-25,Appetizers,Uptown Bistro,1,15,15
2023-11-25,Appetizers,Downtown Branch,6,15,90
2023-11-26,Appetizers,Beachside Cafe,4,15,60
2023-12-05,Appetizers,Beachside Cafe,5,15,75
2023-12-20,Appetizers,Uptown Bistro,1,15,15
2023-12-22,Appetizers,Beachside Cafe,5,15,75
2023-12-22,Appetizers,Suburban Diner,4,15,60
2023-12-30,Appetizers,Suburban Diner,1,15,15
2024-01-01,Appetizers,Suburban Diner,3,15,45
2024-01-08,Appetizers,Uptown Bistro,6,15,90
2024-01-10,Appetizers,Beachside Cafe,5,15,75
2024-01-11,Appetizers,Suburban Diner,5,15,75
2024-01-12,Appetizers,Downtown Branch,1,15,15
2024-01-18,Appetizers,Uptown Bistro,1,15,15
2024-01-20,Appetizers,Uptown Bistro,2,15,30
2024-01-20,Appetizers,Uptown Bistro,2,15,30
2024-01-23,Appetizers,Beachside Cafe,1,15,15
2024-01-26,Appetizers,Suburban Diner,4,15,60
2024-02-01,Appetizers,Downtown Branch,1,15,15
2024-02-10,Appetizers,Uptown Bistro,4,15,60
2024-02-16,Appetizers,Suburban Diner,4,15,60
2024-02-29,Appetizers,Beachside Cafe,2,15,30
2024-02-29,Appetizers,Downtown Branch,2,15,30
2024-03-08,Appetizers,Uptown Bistro,5,15,75
2024-03-11,Appetizers,Beachside Cafe,2,15,30
2024-03-12,Appetizers,Beachside Cafe,2,15,30
2024-03-13,Appetizers,Beachside Cafe,6,15,90
2024-03-15,Appetizers,Uptown Bistro,3,15,45
2024-03-18,Appetizers,Uptown Bistro,3,15,45
2024-04-04,Appetizers,Beachside Cafe,3,15,45
2024-04-06,Appetizers,Suburban Diner,4,15,60
2024-04-08,Appetizers,Downtown Branch,4,15,60
2024-04-10,Appetizers,Suburban Diner,3,15,45
2024-04-18,Appetizers,Uptown Bistro,4,15,60
2024-04-18,Appetizers,Downtown Branch,4,15,60
2024-04-22,Appetizers,Beachside Cafe,1,15,15
2024-05-11,Appetizers,Downtown Branch,6,15,90
2024-05-13,Appetizers,Suburban Diner,6,15,90
2024-05-14,Appetizers,Suburban Diner,5,15,75
2024-05-26,Appetizers,Uptown Bistro,1,15,15
2024-05-27,Appetizers,Uptown Bistro,3,15,45
2024-05-30,Appetizers,Uptown Bistro,6,15,90
2024-06-04,Appetizers,Downtown Branch,4,15,60
2024-06-18,Appetizers,Suburban Diner,5,15,75
2024-07-03,Appetizers,Uptown Bistro,4,15,60
2024-07-06,Appetizers,Downtown Branch,5,15,75
2024-07-08,Appetizers,Downtown Branch,1,15,15
2024-07-13,Appetizers,Uptown Bistro,6,15,90
2024-07-15,Appetizers,Beachside Cafe,2,15,30
2024-07-20,Appetizers,Suburban Diner,3,15,45
2024-07-22,Appetizers,Suburban Diner,6,15,90
2024-07-25,Appetizers,Downtown Branch,4,15,60
2024-08-07,Appetizers,Beachside Cafe,4,15,60
2024-08-12,Appetizers,Uptown Bistro,3,15,45
2024-08-14,Appetizers,Downtown Branch,2,15,30
2024-08-20,Appetizers,Uptown Bistro,2,15,30
2024-08-23,Appetizers,Downtown Branch,3,15,45
2024-09-08,Appetizers,Uptown Bistro,3,15,45
2024-09-08,Appetizers,Beachside Cafe,5,15,75
2024-09-14,Appetizers,Suburban Diner,1,15,15
2024-09-16,Appetizers,Beachside Cafe,4,15,60
2024-09-18,Appetizers,Beachside Cafe,1,15,15
2024-09-18,Appetizers,Suburban Diner,5,15,75
2024-09-28,Appetizers,Suburban Diner,2,15,30
2024-10-14,Appetizers,Suburban Diner,4,15,60
2024-10-21,Appetizers,Suburban Diner,1,15,15
2024-10-23,Appetizers,Downtown Branch,3,15,45
2024-10-30,Appetizers,Beachside Cafe,3,15,45
2024-10-31,Appetizers,Suburban Diner,5,15,75
2024-11-02,Appetizers,Suburban Diner,2,15,30
2024-11-03,Appetizers,Beachside Cafe,3,15,45
2024-11-22,Appetizers,Uptown Bistro,6,15,90
2024-12-03,Appetizers,Downtown Branch,1,15,15
2024-12-03,Appetizers,Downtown Branch,2,15,30
2024-12-07,Appetizers,Uptown Bistro,4,15,60
2024-12-08,Appetizers,Downtown Branch,5,15,75
2024-12-12,Appetizers,Suburban Diner,4,15,60
2024-12-16,Appetizers,Uptown Bistro,2,15,30
2024-12-17,Appetizers,Beachside Cafe,4,15,60
2024-12-20,Appetizers,Beachside Cafe,6,15,90
2024-12-29,Appetizers,Uptown Bistro,1,15,15
2023-01-20,Appetizers,Suburban Diner,4,12,48
2023-01-26,Appetizers,Suburban Diner,1,12,12
2023-02-04,Appetizers,Downtown Branch,4,12,48
2023-02-05,Appetizers,Suburban Diner,5,12,60
2023-02-07,Appetizers,Beachside Cafe,6,12,72
2023-02-12,Appetizers,Suburban Diner,6,12,72
2023-02-13,Appetizers,Suburban Diner,6,12,72
2023-02-24,Appetizers,Beachside Cafe,6,12,72
2023-03-09,Appetizers,Downtown Branch,2,12,24
2023-03-13,Appetizers,Beachside Cafe,1,12,12
2023-03-13,Appetizers,Beachside Cafe,6,12,72
2023-03-17,Appetizers,Downtown Branch,5,12,60
2023-03-21,Appetizers,Uptown Bistro,6,12,72
2023-03-31,Appetizers,Uptown Bistro,6,12,72
2023-04-12,Appetizers,Suburban Diner,4,12,48
2023-04-15,Appetizers,Suburban Diner,3,12,36
2023-04-15,Appetizers,Uptown Bistro,2,12,24
2023-04-30,Appetizers,Suburban Diner,4,12,48
2023-05-05,Appetizers,Suburban Diner,6,12,72
2023-05-12,Appetizers,Suburban Diner,3,12,36
2023-05-14,Appetizers,Downtown Branch,1,12,12
2023-05-21,Appetizers,Suburban Diner,1,12,12
2023-05-21,Appetizers,Beachside Cafe,2,12,24
2023-05-23,Appetizers,Suburban Diner,6,12,72
2023-05-26,Appetizers,Downtown Branch,1,12,12
2023-06-18,Appetizers,Downtown Branch,1,12,12
2023-06-19,Appetizers,Uptown Bistro,1,12,12
2023-06-28,Appetizers,Downtown Branch,6,12,72
2023-07-02,Appetizers,Downtown Branch,4,12,48
2023-07-17,Appetizers,Downtown Branch,3,12,36
2023-07-19,Appetizers,Suburban Diner,2,12,24
2023-07-24,Appetizers,Uptown Bistro,5,12,60
2023-07-29,Appetizers,Downtown Branch,3,12,36
2023-07-30,Appetizers,Suburban Diner,2,12,24
2023-08-13,Appetizers,Suburban Diner,2,12,24
2023-08-16,Appetizers,Beachside Cafe,4,12,48
2023-08-26,Appetizers,Uptown Bistro,6,12,72
2023-09-04,Appetizers,Uptown Bistro,1,12,12
2023-09-07,Appetizers,Beachside Cafe,4,12,48
2023-09-09,Appetizers,Beachside Cafe,3,12,36
2023-09-19,Appetizers,Suburban Diner,2,12,24
2023-09-20,Appetizers,Uptown Bistro,4,12,48
2023-09-23,Appetizers,Uptown Bistro,2,12,24
2023-09-30,Appetizers,Uptown Bistro,1,12,12
2023-10-05,Appetizers,Downtown Branch,6,12,72
2023-10-08,Appetizers,Downtown Branch,4,12,48
2023-10-19,Appetizers,Uptown Bistro,3,12,36
2023-10-21,Appetizers,Beachside Cafe,5,12,60
2023-10-22,Appetizers,Downtown Branch,3,12,36
2023-11-01,Appetizers,Suburban Diner,5,12,60
2023-11-03,Appetizers,Beachside Cafe,2,12,24
2023-11-05,Appetizers,Uptown Bistro,3,12,36
2023-11-06,Appetizers,Beachside Cafe,3,12,36
2023-11-07,Appetizers,Downtown Branch,2,12,24
2023-11-08,Appetizers,Beachside Cafe,1,12,12
2023-11-12,Appetizers,Downtown Branch,1,12,12
2023-11-13,Appetizers,Beachside Cafe,6,12,72
2023-11-14,Appetizers,Beachside Cafe,4,12,48
2023-11-15,Appetizers,Suburban Diner,5,12,60
2023-11-18,Appetizers,Beachside Cafe,6,12,72
2023-11-23,Appetizers,Downtown Branch,1,12,12
2023-11-25,Appetizers,Uptown Bistro,6,12,72
2023-12-07,Appetizers,Suburban Diner,6,12,72
2023-12-09,Appetizers,Suburban Diner,3,12,36
2023-12-12,Appetizers,Suburban Diner,2,12,24
2023-12-13,Appetizers,Beachside Cafe,3,12,36
2023-12-29,Appetizers,Beachside Cafe,6,12,72
2024-01-10,Appetizers,Beachside Cafe,4,12,48
2024-01-16,Appetizers,Suburban Diner,5,12,60
2024-01-22,Appetizers,Suburban Diner,3,12,36
2024-01-24,Appetizers,Suburban Diner,1,12,12
2024-01-26,Appetizers,Uptown Bistro,5,12,60
2024-01-27,Appetizers,Beachside Cafe,2,12,24
2024-01-27,Appetizers,Beachside Cafe,4,12,48
2024-01-28,Appetizers,Uptown Bistro,6,12,72
2024-01-31,Appetizers,Suburban Diner,6,12,72
2024-02-05,Appetizers,Uptown Bistro,3,12,36
2024-02-05,Appetizers,Beachside Cafe,2,12,24
2024-02-09,Appetizers,Suburban Diner,3,12,36
2024-02-09,Appetizers,Uptown Bistro,5,12,60
2024-02-14,Appetizers,Downtown Branch,3,12,36
2024-02-15,Appetizers,Suburban Diner,6,12,72
2024-02-26,Appetizers,Suburban Diner,3,12,36
2024-02-27,Appetizers,Beachside Cafe,5,12,60
2024-03-04,Appetizers,Beachside Cafe,1,12,12
2024-03-06,Appetizers,Beachside Cafe,1,12,12
2024-03-07,Appetizers,Downtown Branch,1,12,12
2024-03-12,Appetizers,Uptown Bistro,6,12,72
2024-03-17,Appetizers,Uptown Bistro,2,12,24
2024-04-13,Appetizers,Downtown Branch,1,12,12
2024-04-26,Appetizers,Beachside Cafe,5,12,60
2024-04-26,Appetizers,Uptown Bistro,2,12,24
2024-04-30,Appetizers,Suburban Diner,5,12,60
2024-05-07,Appetizers,Beachside Cafe,4,12,48
2024-05-14,Appetizers,Beachside Cafe,2,12,24
2024-05-19,Appetizers,Beachside Cafe,3,12,36
2024-05-22,Appetizers,Downtown Branch,5,12,60
2024-05-26,Appetizers,Suburban Diner,5,12,60
2024-06-13,Appetizers,Suburban Diner,5,12,60
2024-06-20,Appetizers,Uptown Bistro,3,12,36
2024-06-22,Appetizers,Uptown Bistro,1,12,12
2024-07-03,Appetizers,Downtown Branch,1,12,12
2024-07-04,Appetizers,Uptown Bistro,4,12,48
2024-07-05,Appetizers,Downtown Branch,4,12,48
2024-07-13,Appetizers,Beachside Cafe,3,12,36
2024-07-18,Appetizers,Beachside Cafe,6,12,72
2024-07-19,Appetizers,Suburban Diner,1,12,12
2024-08-05,Appetizers,Beachside Cafe,5,12,60
2024-08-20,Appetizers,Downtown Branch,6,12,72
2024-08-20,Appetizers,Suburban Diner,3,12,36
2024-08-27,Appetizers,Beachside Cafe,1,12,12
2024-08-30,Appetizers,Uptown Bistro,2,12,24
2024-09-03,Appetizers,Downtown Branch,4,12,48
2024-09-08,Appetizers,Beachside Cafe,6,12,72
2024-09-14,Appetizers,Suburban Diner,4,12,48
2024-09-20,Appetizers,Suburban Diner,6,12,72
2024-09-22,Appetizers,Uptown Bistro,2,12,24
2024-10-04,Appetizers,Beachside Cafe,3,12,36
2024-10-09,Appetizers,Suburban Diner,1,12,12
2024-10-16,Appetizers,Downtown Branch,3,12,36
2024-10-20,Appetizers,Beachside Cafe,1,12,12
2024-10-24,Appetizers,Downtown Branch,5,12,60
2024-10-25,Appetizers,Suburban Diner,3,12,36
2024-10-26,Appetizers,Downtown Branch,2,12,24
2024-11-02,Appetizers,Beachside Cafe,6,12,72
2024-11-02,Appetizers,Uptown Bistro,4,12,48
2024-11-02,Appetizers,Suburban Diner,6,12,72
2024-11-07,Appetizers,Suburban Diner,3,12,36
2024-11-08,Appetizers,Beachside Cafe,2,12,24
2024-11-10,Appetizers,Suburban Diner,5,12,60
2024-11-10,Appetizers,Downtown Branch,2,12,24
2024-11-13,Appetizers,Uptown Bistro,5,12,60
2024-11-18,Appetizers,Uptown Bistro,6,12,72
2024-11-20,Appetizers,Beachside Cafe,2,12,24
2024-11-24,Appetizers,Downtown Branch,3,12,36
2024-11-25,Appetizers,Downtown Branch,6,12,72
2024-11-26,Appetizers,Beachside Cafe,6,12,72
2024-11-27,Appetizers,Suburban Diner,6,12,72
2024-11-27,Appetizers,Downtown Branch,2,12,24
2024-12-06,Appetizers,Beachside Cafe,6,12,72
2024-12-10,Appetizers,Uptown Bistro,3,12,36
2024-12-11,Appetizers,Beachside Cafe,2,12,24
2024-12-19,Appetizers,Beachside Cafe,1,12,12
2024-12-25,Appetizers,Uptown Bistro,2,12,24
2023-01-04,Main Course,Uptown Bistro,6,25,150
2023-01-05,Main Course,Suburban Diner,3,25,75
2023-01-13,Main Course,Beachside Cafe,1,25,25
2023-01-28,Main Course,Beachside Cafe,2,25,50
2023-02-05,Main Course,Uptown Bistro,1,25,25
2023-02-09,Main Course,Beachside Cafe,6,25,150
2023-02-22,Main Course,Downtown Branch,6,25,150
2023-02-27,Main Course,Suburban Diner,3,25,75
2023-03-03,Main Course,Uptown Bistro,4,25,100
2023-03-03,Main Course,Uptown Bistro,5,25,125
2023-03-04,Main Course,Suburban Diner,1,25,25
2023-03-05,Main Course,Downtown Branch,2,25,50
2023-03-08,Main Course,Beachside Cafe,6,25,150
2023-03-14,Main Course,Uptown Bistro,6,25,150
2023-03-15,Main Course,Beachside Cafe,2,25,50
2023-04-08,Main Course,Uptown Bistro,3,25,75
2023-04-09,Main Course,Downtown Branch,2,25,50
2023-04-12,Main Course,Uptown Bistro,2,25,50
2023-04-17,Main Course,Beachside Cafe,6,25,150
2023-04-19,Main Course,Beachside Cafe,2,25,50
2023-04-29,Main Course,Downtown Branch,4,25,100
2023-04-29,Main Course,Downtown Branch,4,25,100
2023-05-01,Main Course,Downtown Branch,5,25,125
2023-05-06,Main Course,Uptown Bistro,1,25,25
2023-05-06,Main Course,Beachside Cafe,2,25,50
2023-05-09,Main Course,Uptown Bistro,3,25,75
2023-05-09,Main Course,Uptown Bistro,1,25,25
2023-05-16,Main Course,Beachside Cafe,3,25,75
2023-05-17,Main Course,Beachside Cafe,6,25,150
2023-05-18,Main Course,Suburban Diner,6,25,150
2023-05-22,Main Course,Suburban Diner,6,25,150
2023-05-23,Main Course,Downtown Branch,6,25,150
2023-06-08,Main Course,Uptown Bistro,4,25,100
2023-06-16,Main Course,Beachside Cafe,4,25,100
2023-06-18,Main Course,Suburban Diner,5,25,125
2023-06-24,Main Course,Uptown Bistro,5,25,125
2023-07-04,Main Course,Beachside Cafe,1,25,25
2023-07-05,Main Course,Beachside Cafe,6,25,150
2023-07-06,Main Course,Suburban Diner,5,25,125
2023-07-06,Main Course,Uptown Bistro,1,25,25
2023-07-15,Main Course,Beachside Cafe,2,25,50
2023-07-29,Main Course,Beachside Cafe,3,25,75
2023-08-08,Main Course,Downtown Branch,6,25,150
2023-08-13,Main Course,Uptown Bistro,5,25,125
2023-08-14,Main Course,Uptown Bistro,1,25,25
2023-08-17,Main Course,Beachside Cafe,5,25,125
2023-08-20,Main Course,Downtown Branch,4,25,100
2023-08-25,Main Course,Beachside Cafe,4,25,100
2023-08-28,Main Course,Uptown Bistro,5,25,125
2023-08-28,Main Course,Downtown Branch,6,25,150
2023-09-06,Main Course,Downtown Branch,1,25,25
2023-09-06,Main Course,Beachside Cafe,6,25,150
2023-09-20,Main Course,Downtown Branch,6,25,150
2023-09-25,Main Course,Suburban Diner,4,25,100
2023-10-12,Main Course,Beachside Cafe,4,25,100
2023-10-31,Main Course,Beachside Cafe,1,25,25
2023-11-14,Main Course,Uptown Bistro,6,25,150
2023-11-18,Main Course,Uptown Bistro,3,25,75
2023-11-18,Main Course,Uptown Bistro,1,25,25
2023-11-27,Main Course,Uptown Bistro,3,25,75
2023-12-02,Main Course,Beachside Cafe,2,25,50
2023-12-03,Main Course,Uptown Bistro,1,25,25
2023-12-04,Main Course,Beachside Cafe,4,25,100
2023-12-06,Main Course,Suburban Diner,1,25,25
2023-12-18,Main Course,Downtown Branch,1,25,25
2024-01-04,Main Course,Suburban Diner,5,25,125
2024-01-20,Main Course,Uptown Bistro,3,25,75
2024-01-20,Main Course,Uptown Bistro,3,25,75
2024-01-25,Main Course,Downtown Branch,1,25,25
2024-01-30,Main Course,Suburban Diner,5,25,125
2024-02-02,Main Course,Beachside Cafe,3,25,75
2024-02-07,Main Course,Beachside Cafe,4,25,100
2024-02-15,Main Course,Downtown Branch,4,25,100
2024-02-26,Main Course,Suburban Diner,6,25,150
2024-03-12,Main Course,Downtown Branch,5,25,125
2024-03-16,Main Course,Downtown Branch,3,25,75
2024-03-16,Main Course,Uptown Bistro,1,25,25
2024-03-27,Main Course,Uptown Bistro,4,25,100
2024-05-04,Main Course,Beachside Cafe,2,25,50
2024-05-16,Main Course,Suburban Diner,4,25,100
2024-05-17,Main Course,Beachside Cafe,6,25,150
2024-05-17,Main Course,Suburban Diner,3,25,75
2024-05-25,Main Course,Uptown Bistro,4,25,100
2024-05-27,Main Course,Beachside Cafe,1,25,25
2024-06-01,Main Course,Suburban Diner,2,25,50
2024-06-02,Main Course,Suburban Diner,3,25,75
2024-06-02,Main Course,Suburban Diner,5,25,125
2024-06-04,Main Course,Uptown Bistro,3,25,75
2024-06-07,Main Course,Beachside Cafe,3,25,75
2024-06-11,Main Course,Suburban Diner,2,25,50
2024-06-14,Main Course,Downtown Branch,5,25,125
2024-07-18,Main Course,Uptown Bistro,3,25,75
2024-07-19,Main Course,Uptown Bistro,6,25,150
2024-08-05,Main Course,Beachside Cafe,6,25,150
2024-08-07,Main Course,Suburban Diner,1,25,25
2024-08-08,Main Course,Downtown Branch,5,25,125
2024-08-10,Main Course,Beachside Cafe,2,25,50
2024-08-16,Main Course,Uptown Bistro,6,25,150
2024-08-17,Main Course,Downtown Branch,3,25,75
2024-08-23,Main Course,Uptown Bistro,6,25,150
2024-08-25,Main Course,Downtown Branch,1,25,25
2024-08-31,Main Course,Beachside Cafe,1,25,25
2024-09-13,Main Course,Beachside Cafe,5,25,125
2024-09-22,Main Course,Suburban Diner,4,25,100
2024-10-06,Main Course,Beachside Cafe,2,25,50
2024-10-07,Main Course,Downtown Branch,6,25,150
2024-10-15,Main Course,Beachside Cafe,2,25,50
2024-11-03,Main Course,Downtown Branch,6,25,150
2024-11-06,Main Course,Uptown Bistro,3,25,75
2024-11-15,Main Course,Uptown Bistro,2,25,50
2024-11-17,Main Course,Suburban Diner,4,25,100
2024-11-24,Main Course,Beachside Cafe,2,25,50
2024-11-27,Main Course,Beachside Cafe,1,25,25
2024-12-01,Main Course,Downtown Branch,1,25,25
2024-12-11,Main Course,Suburban Diner,3,25,75
2024-12-13,Main Course,Uptown Bistro,1,25,25
2024-12-26,Main Course,Beachside Cafe,1,25,25
2024-12-27,Main Course,Beachside Cafe,2,25,50
2024-12-30,Main Course,Downtown Branch,1,25,25
2023-01-04,Main Course,Beachside Cafe,2,22,44
2023-01-05,Main Course,Beachside Cafe,1,22,22
2023-01-05,Main Course,Uptown Bistro,6,22,132
2023-01-13,Main Course,Downtown Branch,1,22,22
2023-01-14,Main Course,Beachside Cafe,2,22,44
2023-02-03,Main Course,Beachside Cafe,5,22,110
2023-02-03,Main Course,Beachside Cafe,6,22,132
2023-02-06,Main Course,Uptown Bistro,3,22,66
2023-02-10,Main Course,Beachside Cafe,5,22,110
2023-02-11,Main Course,Uptown Bistro,5,22,110
2023-02-11,Main Course,Suburban Diner,1,22,22
2023-02-13,Main Course,Suburban Diner,6,22,132
2023-02-21,Main Course,Uptown Bistro,2,22,44
2023-02-25,Main Course,Downtown Branch,3,22,66
2023-03-12,Main Course,Uptown Bistro,3,22,66
2023-03-15,Main Course,Uptown Bistro,2,22,44
2023-03-15,Main Course,Uptown Bistro,2,22,44
2023-03-16,Main Course,Suburban Diner,1,22,22
2023-03-22,Main Course,Uptown Bistro,3,22,66
2023-03-23,Main Course,Beachside Cafe,5,22,110
2023-03-25,Main Course,Downtown Branch,4,22,88
2023-03-25,Main Course,Uptown Bistro,5,22,110
2023-03-30,Main Course,Downtown Branch,6,22,132
2023-04-09,Main Course,Suburban Diner,5,22,110
2023-04-09,Main Course,Suburban Diner,5,22,110
2023-04-10,Main Course,Suburban Diner,5,22,110
2023-04-24,Main Course,Uptown Bistro,6,22,132
2023-04-24,Main Course,Downtown Branch,3,22,66
2023-05-01,Main Course,Uptown Bistro,4,22,88
2023-05-15,Main Course,Downtown Branch,5,22,110
2023-06-18,Main Course,Beachside Cafe,2,22,44
2023-06-25,Main Course,Suburban Diner,6,22,132
2023-06-28,Main Course,Downtown Branch,1,22,22
2023-07-14,Main Course,Uptown Bistro,2,22,44
2023-07-14,Main Course,Beachside Cafe,2,22,44
2023-07-23,Main Course,Suburban Diner,1,22,22
2023-08-04,Main Course,Downtown Branch,2,22,44
2023-08-05,Main Course,Downtown Branch,4,22,88
2023-08-05,Main Course,Downtown Branch,1,22,22
2023-08-09,Main Course,Suburban Diner,3,22,66
2023-08-10,Main Course,Suburban Diner,5,22,110
2023-08-17,Main Course,Downtown Branch,4,22,88
2023-08-20,Main Course,Suburban Diner,4,22,88
2023-08-26,Main Course,Beachside Cafe,6,22,132
2023-08-28,Main Course,Downtown Branch,2,22,44
2023-09-20,Main Course,Beachside Cafe,5,22,110
2023-09-22,Main Course,Suburban Diner,6,22,132
2023-09-23,Main Course,Suburban Diner,1,22,22
2023-10-09,Main Course,Suburban Diner,6,22,132
2023-10-13,Main Course,Uptown Bistro,4,22,88
2023-10-14,Main Course,Beachside Cafe,5,22,110
2023-10-17,Main Course,Downtown Branch,2,22,44
2023-10-31,Main Course,Uptown Bistro,6,22,132
2023-11-13,Main Course,Suburban Diner,3,22,66
2023-11-18,Main Course,Downtown Branch,1,22,22
2023-11-22,Main Course,Beachside Cafe,4,22,88
2023-12-14,Main Course,Uptown Bistro,3,22,66
2024-01-02,Main Course,Suburban Diner,5,22,110
2024-01-06,Main Course,Suburban Diner,3,22,66
2024-01-10,Main Course,Downtown Branch,1,22,22
2024-01-13,Main Course,Downtown Branch,1,22,22
2024-01-14,Main Course,Beachside Cafe,3,22,66
2024-01-30,Main Course,Beachside Cafe,3,22,66
2024-02-01,Main Course,Beachside Cafe,6,22,132
2024-02-04,Main Course,Downtown Branch,3,22,66
2024-02-05,Main Course,Uptown Bistro,5,22,110
2024-02-28,Main Course,Suburban Diner,5,22,110
2024-03-11,Main Course,Uptown Bistro,2,22,44
2024-03-19,Main Course,Beachside Cafe,5,22,110
2024-03-20,Main Course,Downtown Branch,3,22,66
2024-03-21,Main Course,Beachside Cafe,5,22,110
2024-03-22,Main Course,Downtown Branch,2,22,44
2024-03-23,Main Course,Suburban Diner,6,22,132
2024-03-25,Main Course,Uptown Bistro,1,22,22
2024-03-27,Main Course,Beachside Cafe,5,22,110
2024-04-13,Main Course,Uptown Bistro,2,22,44
2024-04-24,Main Course,Downtown Branch,4,22,88
2024-04-27,Main Course,Downtown Branch,6,22,132
2024-05-08,Main Course,Beachside Cafe,4,22,88
2024-05-10,Main Course,Downtown Branch,5,22,110
2024-05-14,Main Course,Suburban Diner,4,22,88
2024-05-15,Main Course,Suburban Diner,4,22,88
2024-05-24,Main Course,Suburban Diner,3,22,66
2024-06-05,Main Course,Suburban Diner,2,22,44
2024-06-08,Main Course,Suburban Diner,5,22,110
2024-06-13,Main Course,Beachside Cafe,1,22,22
2024-06-28,Main Course,Downtown Branch,1,22,22
2024-07-10,Main Course,Downtown Branch,3,22,66
2024-07-12,Main Course,Downtown Branch,1,22,22
2024-07-15,Main Course,Suburban Diner,1,22,22
2024-07-26,Main Course,Uptown Bistro,5,22,110
2024-08-05,Main Course,Beachside Cafe,2,22,44
2024-08-11,Main Course,Downtown Branch,1,22,22
2024-08-28,Main Course,Suburban Diner,6,22,132
2024-09-01,Main Course,Beachside Cafe,6,22,132
2024-09-04,Main Course,Suburban Diner,4,22,88
2024-09-04,Main Course,Suburban Diner,6,22,132
2024-09-07,Main Course,Beachside Cafe,4,22,88
2024-09-08,Main Course,Uptown Bistro,6,22,132
2024-09-14,Main Course,Downtown Branch,5,22,110
2024-09-18,Main Course,Beachside Cafe,1,22,22
2024-09-23,Main Course,Downtown Branch,5,22,110
2024-09-28,Main Course,Uptown Bistro,3,22,66
2024-09-30,Main Course,Uptown Bistro,4,22,88
2024-10-06,Main Course,Suburban Diner,4,22,88
2024-10-29,Main Course,Suburban Diner,2,22,44
2024-11-01,Main Course,Downtown Branch,1,22,22
2024-11-01,Main Course,Uptown Bistro,2,22,44
2024-11-07,Main Course,Beachside Cafe,6,22,132
2024-11-29,Main Course,Uptown Bistro,5,22,110
2024-12-03,Main Course,Suburban Diner,1,22,22
2024-12-11,Main Course,Suburban Diner,1,22,22
2024-12-12,Main Course,Beachside Cafe,4,22,88
2024-12-13,Main Course,Beachside Cafe,4,22,88
2024-12-18,Main Course,Suburban Diner,5,22,110
2023-01-02,Main Course,Uptown Bistro,4,32,128
2023-01-02,Main Course,Suburban Diner,1,32,32
2023-01-07,Main Course,Downtown Branch,2,32,64
2023-01-12,Main Course,Beachside Cafe,3,32,96
2023-01-23,Main Course,Beachside Cafe,6,32,192
2023-02-06,Main Course,Uptown Bistro,1,32,32
2023-02-07,Main Course,Suburban Diner,3,32,96
2023-02-20,Main Course,Suburban Diner,4,32,128
2023-02-22,Main Course,Downtown Branch,4,32,128
2023-02-27,Main Course,Uptown Bistro,6,32,192
2023-03-09,Main Course,Suburban Diner,1,32,32
2023-03-13,Main Course,Downtown Branch,1,32,32
2023-03-17,Main Course,Suburban Diner,2,32,64
2023-03-27,Main Course,Beachside Cafe,4,32,128
2023-03-31,Main Course,Suburban Diner,4,32,128
2023-04-03,Main Course,Suburban Diner,1,32,32
2023-04-15,Main Course,Downtown Branch,1,32,32
2023-04-22,Main Course,Uptown Bistro,5,32,160
2023-04-23,Main Course,Beachside Cafe,6,32,192
2023-04-23,Main Course,Beachside Cafe,5,32,160
2023-04-27,Main Course,Uptown Bistro,1,32,32
2023-05-02,Main Course,Suburban Diner,2,32,64
2023-05-06,Main Course,Beachside Cafe,6,32,192
2023-05-09,Main Course,Uptown Bistro,1,32,32
2023-05-09,Main Course,Suburban Diner,1,32,32
2023-05-16,Main Course,Suburban Diner,5,32,160
2023-06-17,Main Course,Beachside Cafe,5,32,160
2023-06-22,Main Course,Downtown Branch,2,32,64
2023-07-03,Main Course,Suburban Diner,4,32,128
2023-07-08,Main Course,Beachside Cafe,6,32,192
2023-07-11,Main Course,Suburban Diner,5,32,160
2023-08-03,Main Course,Beachside Cafe,4,32,128
2023-08-05,Main Course,Uptown Bistro,1,32,32
2023-08-17,Main Course,Beachside Cafe,4,32,128
2023-08-18,Main Course,Downtown Branch,2,32,64
2023-08-26,Main Course,Suburban Diner,2,32,64
2023-09-06,Main Course,Suburban Diner,5,32,160
2023-09-15,Main Course,Beachside Cafe,1,32,32
2023-09-16,Main Course,Uptown Bistro,3,32,96
2023-10-05,Main Course,Suburban Diner,4,32,128
2023-10-16,Main Course,Beachside Cafe,5,32,160
2023-10-17,Main Course,Uptown Bistro,1,32,32
2023-10-26,Main Course,Uptown Bistro,3,32,96
2023-11-06,Main Course,Beachside Cafe,6,32,192
2023-11-13,Main Course,Uptown Bistro,3,32,96
2023-11-15,Main Course,Uptown Bistro,2,32,64
2023-11-23,Main Course,Downtown Branch,3,32,96
2023-11-24,Main Course,Uptown Bistro,4,32,128
2023-11-28,Main Course,Downtown Branch,1,32,32
2023-12-01,Main Course,Downtown Branch,1,32,32
2023-12-13,Main Course,Suburban Diner,6,32,192
2023-12-25,Main Course,Beachside Cafe,1,32,32
2023-12-27,Main Course,Suburban Diner,2,32,64
2023-12-30,Main Course,Uptown Bistro,2,32,64
2024-01-02,Main Course,Uptown Bistro,3,32,96
2024-01-05,Main Course,Downtown Branch,1,32,32
2024-01-27,Main Course,Beachside Cafe,5,32,160
2024-02-07,Main Course,Downtown Branch,6,32,192
2024-02-08,Main Course,Suburban Diner,4,32,128
2024-02-20,Main Course,Uptown Bistro,3,32,96
2024-03-01,Main Course,Downtown Branch,1,32,32
2024-03-02,Main Course,Suburban Diner,2,32,64
2024-03-12,Main Course,Uptown Bistro,5,32,160
2024-03-15,Main Course,Suburban Diner,1,32,32
2024-03-24,Main Course,Beachside Cafe,6,32,192
2024-03-25,Main Course,Downtown Branch,3,32,96
2024-03-30,Main Course,Uptown Bistro,4,32,128
2024-04-08,Main Course,Uptown Bistro,1,32,32
2024-04-14,Main Course,Downtown Branch,5,32,160
2024-04-21,Main Course,Suburban Diner,5,32,160
2024-05-05,Main Course,Beachside Cafe,1,32,32
2024-05-10,Main Course,Suburban Diner,1,32,32
2024-05-16,Main Course,Downtown Branch,5,32,160
2024-05-18,Main Course,Beachside Cafe,2,32,64
2024-05-19,Main Course,Uptown Bistro,4,32,128
2024-05-21,Main Course,Uptown Bistro,5,32,160
2024-05-21,Main Course,Downtown Branch,1,32,32
2024-05-22,Main Course,Uptown Bistro,4,32,128
2024-06-03,Main Course,Downtown Branch,3,32,96
2024-06-19,Main Course,Suburban Diner,1,32,32
2024-07-09,Main Course,Uptown Bistro,3,32,96
2024-07-26,Main Course,Suburban Diner,5,32,160
2024-07-28,Main Course,Suburban Diner,5,32,160
2024-07-29,Main Course,Beachside Cafe,6,32,192
2024-08-07,Main Course,Downtown Branch,1,32,32
2024-08-09,Main Course,Beachside Cafe,1,32,32
2024-08-16,Main Course,Uptown Bistro,4,32,128
2024-08-23,Main Course,Suburban Diner,4,32,128
2024-08-24,Main Course,Downtown Branch,1,32,32
2024-08-24,Main Course,Uptown Bistro,4,32,128
2024-08-31,Main Course,Suburban Diner,5,32,160
2024-09-07,Main Course,Downtown Branch,4,32,128
2024-09-18,Main Course,Uptown Bistro,3,32,96
2024-09-28,Main Course,Beachside Cafe,2,32,64
2024-09-28,Main Course,Downtown Branch,5,32,160
2024-09-28,Main Course,Downtown Branch,3,32,96
2024-09-29,Main Course,Suburban Diner,6,32,192
2024-10-10,Main Course,Downtown Branch,4,32,128
2024-10-14,Main Course,Beachside Cafe,2,32,64
2024-10-17,Main Course,Uptown Bistro,4,32,128
2024-10-24,Main Course,Downtown Branch,2,32,64
2024-10-26,Main Course,Beachside Cafe,1,32,32
2024-11-01,Main Course,Downtown Branch,5,32,160
2024-11-04,Main Course,Downtown Branch,2,32,64
2024-11-13,Main Course,Suburban Diner,3,32,96
2024-11-23,Main Course,Uptown Bistro,2,32,64
2024-11-26,Main Course,Suburban Diner,6,32,192
2024-11-27,Main Course,Suburban Diner,2,32,64
2024-12-02,Main Course,Suburban Diner,5,32,160
2024-12-03,Main Course,Uptown Bistro,5,32,160
2024-12-09,Main Course,Suburban Diner,2,32,64
2024-12-16,Main Course,Downtown Branch,4,32,128
2024-12-21,Main Course,Beachside Cafe,5,32,160
2024-12-21,Main Course,Downtown Branch,5,32,160
2024-12-21,Main Course,Beachside Cafe,4,32,128
2024-12-28,Main Course,Uptown Bistro,5,32,160
2023-01-03,Main Course,Downtown Branch,4,28,112
2023-01-20,Main Course,Suburban Diner,1,28,28
2023-01-20,Main Course,Suburban Diner,3,28,84
2023-01-31,Main Course,Uptown Bistro,6,28,168
2023-02-06,Main Course,Beachside Cafe,3,28,84
2023-02-11,Main Course,Suburban Diner,4,28,112
2023-02-15,Main Course,Downtown Branch,1,28,28
2023-02-18,Main Course,Downtown Branch,3,28,84
2023-03-03,Main Course,Downtown Branch,5,28,140
2023-03-05,Main Course,Uptown Bistro,3,28,84
2023-03-08,Main Course,Suburban Diner,1,28,28
2023-03-13,Main Course,Downtown Branch,1,28,28
2023-03-25,Main Course,Suburban Diner,5,28,140
2023-03-25,Main Course,Suburban Diner,1,28,28
2023-04-05,Main Course,Uptown Bistro,5,28,140
2023-04-07,Main Course,Downtown Branch,5,28,140
2023-04-15,Main Course,Beachside Cafe,2,28,56
2023-04-16,Main Course,Uptown Bistro,2,28,56
2023-04-17,Main Course,Beachside Cafe,3,28,84
2023-04-24,Main Course,Suburban Diner,6,28,168
2023-04-25,Main Course,Downtown Branch,2,28,56
2023-05-02,Main Course,Downtown Branch,5,28,140
2023-05-07,Main Course,Beachside Cafe,4,28,112
2023-05-14,Main Course,Uptown Bistro,6,28,168
2023-05-14,Main Course,Beachside Cafe,2,28,56
2023-06-11,Main Course,Uptown Bistro,6,28,168
2023-06-15,Main Course,Uptown Bistro,4,28,112
2023-06-27,Main Course,Beachside Cafe,2,28,56
2023-06-28,Main Course,Uptown Bistro,6,28,168
2023-07-07,Main Course,Beachside Cafe,6,28,168
2023-07-11,Main Course,Downtown Branch,2,28,56
2023-07-12,Main Course,Downtown Branch,6,28,168
2023-07-14,Main Course,Uptown Bistro,4,28,112
2023-07-16,Main Course,Uptown Bistro,1,28,28
2023-08-03,Main Course,Beachside Cafe,6,28,168
2023-08-04,Main Course,Downtown Branch,3,28,84
2023-08-14,Main Course,Suburban Diner,6,28,168
2023-08-16,Main Course,Suburban Diner,1,28,28
2023-08-25,Main Course,Uptown Bistro,2,28,56
2023-09-03,Main Course,Beachside Cafe,1,28,28
2023-09-15,Main Course,Uptown Bistro,5,28,140
2023-09-15,Main Course,Uptown Bistro,2,28,56
2023-09-25,Main Course,Suburban Diner,3,28,84
2023-10-16,Main Course,Suburban Diner,1,28,28
2023-10-24,Main Course,Uptown Bistro,5,28,140
2023-10-31,Main Course,Beachside Cafe,6,28,168
2023-11-19,Main Course,Suburban Diner,4,28,112
2023-12-01,Main Course,Beachside Cafe,3,28,84
2023-12-08,Main Course,Downtown Branch,6,28,168
2023-12-16,Main Course,Suburban Diner,3,28,84
2023-12-19,Main Course,Beachside Cafe,2,28,56
2023-12-23,Main Course,Suburban Diner,6,28,168
2024-01-06,Main Course,Suburban Diner,1,28,28
2024-01-24,Main Course,Suburban Diner,5,28,140
2024-01-30,Main Course,Beachside Cafe,1,28,28
2024-02-18,Main Course,Beachside Cafe,4,28,112
2024-02-20,Main Course,Uptown Bistro,4,28,112
2024-02-22,Main Course,Suburban Diner,2,28,56
2024-03-12,Main Course,Beachside Cafe,3,28,84
2024-03-18,Main Course,Suburban Diner,6,28,168
2024-03-21,Main Course,Beachside Cafe,6,28,168
2024-04-02,Main Course,Uptown Bistro,3,28,84
2024-04-04,Main Course,Suburban Diner,1,28,28
2024-04-11,Main Course,Beachside Cafe,1,28,28
2024-04-29,Main Course,Beachside Cafe,6,28,168
2024-05-03,Main Course,Suburban Diner,3,28,84
2024-05-15,Main Course,Suburban Diner,1,28,28
2024-05-26,Main Course,Downtown Branch,5,28,140
2024-05-26,Main Course,Uptown Bistro,6,28,168
2024-05-29,Main Course,Uptown Bistro,3,28,84
2024-06-18,Main Course,Downtown Branch,1,28,28
2024-06-21,Main Course,Suburban Diner,1,28,28
2024-07-01,Main Course,Suburban Diner,6,28,168
2024-07-13,Main Course,Downtown Branch,6,28,168
2024-07-24,Main Course,Uptown Bistro,6,28,168
2024-07-25,Main Course,Uptown Bistro,1,28,28
2024-08-01,Main Course,Beachside Cafe,5,28,140
2024-08-10,Main Course,Uptown Bistro,5,28,140
2024-08-10,Main Course,Suburban Diner,1,28,28
2024-08-12,Main Course,Uptown Bistro,6,28,168
2024-08-22,Main Course,Suburban Diner,5,28,140
2024-08-29,Main Course,Uptown Bistro,1,28,28
2024-08-31,Main Course,Uptown Bistro,2,28,56
2024-09-15,Main Course,Beachside Cafe,1,28,28
2024-09-25,Main Course,Downtown Branch,4,28,112
2024-10-02,Main Course,Downtown Branch,1,28,28
2024-10-12,Main Course,Downtown Branch,6,28,168
2024-10-17,Main Course,Downtown Branch,4,28,112
2024-10-18,Main Course,Uptown Bistro,5,28,140
2024-10-19,Main Course,Downtown Branch,1,28,28
2024-10-21,Main Course,Beachside Cafe,2,28,56
2024-10-22,Main Course,Suburban Diner,4,28,112
2024-10-23,Main Course,Uptown Bistro,5,28,140
2024-10-27,Main Course,Downtown Branch,3,28,84
2024-11-09,Main Course,Suburban Diner,2,28,56
2024-11-11,Main Course,Beachside Cafe,6,28,168
2024-11-12,Main Course,Beachside Cafe,5,28,140
2024-11-20,Main Course,Suburban Diner,1,28,28
2024-11-21,Main Course,Beachside Cafe,3,28,84
2024-11-23,Main Course,Beachside Cafe,1,28,28
2024-11-25,Main Course,Uptown Bistro,4,28,112
2024-12-03,Main Course,Beachside Cafe,3,28,84
2024-12-06,Main Course,Uptown Bistro,3,28,84
2024-12-12,Main Course,Downtown Branch,5,28,140
2024-12-16,Main Course,Suburban Diner,1,28,28
2024-12-16,Main Course,Uptown Bistro,1,28,28
2024-12-24,Main Course,Downtown Branch,6,28,168
2024-12-27,Main Course,Beachside Cafe,3,28,84
2023-01-10,Main Course,Suburban Diner,1,35,35
2023-01-19,Main Course,Suburban Diner,3,35,105
2023-02-21,Main Course,Downtown Branch,6,35,210
2023-02-26,Main Course,Uptown Bistro,5,35,175
2023-03-04,Main Course,Uptown Bistro,3,35,105
2023-03-09,Main Course,Beachside Cafe,2,35,70
2023-03-15,Main Course,Beachside Cafe,6,35,210
2023-03-24,Main Course,Uptown Bistro,2,35,70
2023-03-25,Main Course,Suburban Diner,3,35,105
2023-03-27,Main Course,Beachside Cafe,4,35,140
2023-03-30,Main Course,Suburban Diner,4,35,140
2023-04-04,Main Course,Beachside Cafe,4,35,140
2023-04-04,Main Course,Beachside Cafe,2,35,70
2023-04-08,Main Course,Uptown Bistro,6,35,210
2023-04-09,Main Course,Beachside Cafe,6,35,210
2023-04-14,Main Course,Uptown Bistro,1,35,35
2023-04-16,Main Course,Uptown Bistro,2,35,70
2023-04-21,Main Course,Downtown Branch,4,35,140
2023-04-23,Main Course,Uptown Bistro,6,35,210
2023-04-24,Main Course,Suburban Diner,5,35,175
2023-04-27,Main Course,Suburban Diner,2,35,70
2023-04-27,Main Course,Suburban Diner,3,35,105
2023-04-30,Main Course,Beachside Cafe,3,35,105
2023-05-03,Main Course,Suburban Diner,5,35,175
2023-05-12,Main Course,Suburban Diner,4,35,140
2023-05-13,Main Course,Beachside Cafe,4,35,140
2023-06-04,Main Course,Beachside Cafe,4,35,140
2023-06-06,Main Course,Suburban Diner,6,35,210
2023-06-09,Main Course,Beachside Cafe,3,35,105
2023-06-14,Main Course,Suburban Diner,1,35,35
2023-06-14,Main Course,Suburban Diner,6,35,210
2023-06-15,Main Course,Downtown Branch,2,35,70
2023-06-15,Main Course,Suburban Diner,2,35,70
2023-06-26,Main Course,Downtown Branch,2,35,70
2023-06-27,Main Course,Downtown Branch,6,35,210
2023-07-01,Main Course,Downtown Branch,2,35,70
2023-07-14,Main Course,Uptown Bistro,1,35,35
2023-07-19,Main Course,Suburban Diner,4,35,140
2023-07-23,Main Course,Suburban Diner,1,35,35
2023-07-26,Main Course,Suburban Diner,2,35,70
2023-07-30,Main Course,Downtown Branch,5,35,175
2023-08-19,Main Course,Suburban Diner,6,35,210
2023-08-21,Main Course,Uptown Bistro,6,35,210
2023-08-24,Main Course,Uptown Bistro,1,35,35
2023-08-26,Main Course,Downtown Branch,5,35,175
2023-08-27,Main Course,Uptown Bistro,6,35,210
2023-08-31,Main Course,Beachside Cafe,3,35,105
2023-09-14,Main Course,Suburban Diner,3,35,105
2023-09-20,Main Course,Uptown Bistro,4,35,140
2023-09-21,Main Course,Downtown Branch,2,35,70
2023-09-22,Main Course,Downtown Branch,2,35,70
2023-10-05,Main Course,Beachside Cafe,5,35,175
2023-10-20,Main Course,Downtown Branch,2,35,70
2023-10-20,Main Course,Uptown Bistro,4,35,140
2023-10-28,Main Course,Suburban Diner,3,35,105
2023-11-14,Main Course,Beachside Cafe,4,35,140
2023-11-17,Main Course,Uptown Bistro,6,35,210
2023-11-18,Main Course,Uptown Bistro,3,35,105
2023-12-01,Main Course,Beachside Cafe,5,35,175
2023-12-02,Main Course,Downtown Branch,2,35,70
2023-12-17,Main Course,Uptown Bistro,2,35,70
2023-12-18,Main Course,Suburban Diner,4,35,140
2024-01-06,Main Course,Uptown Bistro,2,35,70
2024-01-23,Main Course,Uptown Bistro,6,35,210
2024-01-24,Main Course,Uptown Bistro,5,35,175
2024-02-01,Main Course,Downtown Branch,4,35,140
2024-02-09,Main Course,Beachside Cafe,6,35,210
2024-02-16,Main Course,Beachside Cafe,3,35,105
2024-02-17,Main Course,Downtown Branch,2,35,70
2024-02-17,Main Course,Beachside Cafe,6,35,210
2024-02-20,Main Course,Downtown Branch,6,35,210
2024-02-20,Main Course,Beachside Cafe,5,35,175
2024-02-20,Main Course,Beachside Cafe,2,35,70
2024-02-23,Main Course,Downtown Branch,6,35,210
2024-02-28,Main Course,Suburban Diner,5,35,175
2024-03-05,Main Course,Downtown Branch,5,35,175
2024-03-09,Main Course,Beachside Cafe,2,35,70
2024-03-11,Main Course,Downtown Branch,2,35,70
2024-03-14,Main Course,Beachside Cafe,4,35,140
2024-03-29,Main Course,Suburban Diner,1,35,35
2024-04-05,Main Course,Downtown Branch,5,35,175
2024-04-06,Main Course,Uptown Bistro,4,35,140
2024-04-30,Main Course,Downtown Branch,1,35,35
2024-05-06,Main Course,Uptown Bistro,4,35,140
2024-05-06,Main Course,Suburban Diner,3,35,105
2024-05-14,Main Course,Suburban Diner,3,35,105
2024-05-24,Main Course,Uptown Bistro,3,35,105
2024-05-28,Main Course,Suburban Diner,1,35,35
2024-06-01,Main Course,Uptown Bistro,6,35,210
2024-06-17,Main Course,Beachside Cafe,3,35,105
2024-07-04,Main Course,Downtown Branch,3,35,105
2024-07-07,Main Course,Downtown Branch,1,35,35
2024-07-15,Main Course,Downtown Branch,5,35,175
2024-07-22,Main Course,Suburban Diner,6,35,210
2024-07-28,Main Course,Downtown Branch,4,35,140
2024-07-31,Main Course,Downtown Branch,3,35,105
2024-07-31,Main Course,Uptown Bistro,4,35,140
2024-08-09,Main Course,Downtown Branch,6,35,210
2024-08-12,Main Course,Suburban Diner,5,35,175
2024-08-18,Main Course,Suburban Diner,2,35,70
2024-09-06,Main Course,Suburban Diner,4,35,140
2024-09-14,Main Course,Suburban Diner,6,35,210
2024-09-15,Main Course,Uptown Bistro,3,35,105
2024-09-16,Main Course,Uptown Bistro,6,35,210
2024-09-21,Main Course,Uptown Bistro,5,35,175
2024-10-07,Main Course,Suburban Diner,2,35,70
2024-10-14,Main Course,Beachside Cafe,1,35,35
2024-10-16,Main Course,Beachside Cafe,5,35,175
2024-10-18,Main Course,Downtown Branch,4,35,140
2024-10-19,Main Course,Uptown Bistro,2,35,70
2024-11-10,Main Course,Uptown Bistro,5,35,175
2024-11-16,Main Course,Uptown Bistro,4,35,140
2024-11-21,Main Course,Suburban Diner,4,35,140
2024-11-23,Main Course,Uptown Bistro,6,35,210
2024-11-23,Main Course,Uptown Bistro,3,35,105
2024-11-24,Main Course,Downtown Branch,6,35,210
2024-12-11,Main Course,Uptown Bistro,4,35,140
2024-12-12,Main Course,Beachside Cafe,3,35,105
2024-12-14,Main Course,Uptown Bistro,2,35,70
2024-12-27,Main Course,Uptown Bistro,3,35,105
2024-12-28,Main Course,Beachside Cafe,4,35,140
2023-01-02,Main Course,Uptown Bistro,2,18,36
2023-01-04,Main Course,Beachside Cafe,5,18,90
2023-01-11,Main Course,Beachside Cafe,1,18,18
2023-01-11,Main Course,Uptown Bistro,6,18,108
2023-01-22,Main Course,Suburban Diner,4,18,72
2023-02-13,Main Course,Suburban Diner,5,18,90
2023-02-19,Main Course,Beachside Cafe,6,18,108
2023-02-23,Main Course,Suburban Diner,5,18,90
2023-03-02,Main Course,Beachside Cafe,2,18,36
2023-03-04,Main Course,Suburban Diner,1,18,18
2023-03-06,Main Course,Downtown Branch,1,18,18
2023-03-22,Main Course,Uptown Bistro,4,18,72
2023-03-24,Main Course,Downtown Branch,1,18,18
2023-03-30,Main Course,Downtown Branch,5,18,90
2023-04-02,Main Course,Suburban Diner,6,18,108
2023-04-04,Main Course,Beachside Cafe,4,18,72
2023-04-08,Main Course,Beachside Cafe,3,18,54
2023-04-14,Main Course,Suburban Diner,2,18,36
2023-04-25,Main Course,Uptown Bistro,2,18,36
2023-04-25,Main Course,Suburban Diner,1,18,18
2023-04-28,Main Course,Uptown Bistro,3,18,54
2023-05-06,Main Course,Uptown Bistro,2,18,36
2023-05-18,Main Course,Downtown Branch,3,18,54
2023-05-22,Main Course,Beachside Cafe,5,18,90
2023-05-22,Main Course,Uptown Bistro,1,18,18
2023-06-03,Main Course,Uptown Bistro,4,18,72
2023-06-04,Main Course,Downtown Branch,5,18,90
2023-06-10,Main Course,Uptown Bistro,6,18,108
2023-06-26,Main Course,Suburban Diner,6,18,108
2023-06-27,Main Course,Downtown Branch,1,18,18
2023-07-03,Main Course,Beachside Cafe,3,18,54
2023-07-17,Main Course,Uptown Bistro,3,18,54
2023-07-18,Main Course,Suburban Diner,2,18,36
2023-07-22,Main Course,Beachside Cafe,5,18,90
2023-07-26,Main Course,Uptown Bistro,6,18,108
2023-07-27,Main Course,Downtown Branch,6,18,108
2023-08-01,Main Course,Beachside Cafe,6,18,108
2023-08-10,Main Course,Uptown Bistro,6,18,108
2023-08-10,Main Course,Uptown Bistro,1,18,18
2023-08-18,Main Course,Suburban Diner,5,18,90
2023-08-20,Main Course,Suburban Diner,1,18,18
2023-08-20,Main Course,Beachside Cafe,2,18,36
2023-08-23,Main Course,Downtown Branch,5,18,90
2023-08-26,Main Course,Suburban Diner,5,18,90
2023-08-28,Main Course,Downtown Branch,6,18,108
2023-09-05,Main Course,Beachside Cafe,6,18,108
2023-09-06,Main Course,Suburban Diner,2,18,36
2023-09-12,Main Course,Downtown Branch,6,18,108
2023-09-14,Main Course,Suburban Diner,3,18,54
2023-09-19,Main Course,Downtown Branch,1,18,18
2023-09-30,Main Course,Suburban Diner,4,18,72
2023-10-02,Main Course,Downtown Branch,5,18,90
2023-10-06,Main Course,Downtown Branch,5,18,90
2023-10-12,Main Course,Suburban Diner,6,18,108
2023-10-14,Main Course,Uptown Bistro,6,18,108
2023-11-01,Main Course,Uptown Bistro,5,18,90
2023-11-09,Main Course,Downtown Branch,3,18,54
2023-11-18,Main Course,Uptown Bistro,1,18,18
2023-11-19,Main Course,Beachside Cafe,3,18,54
2023-11-22,Main Course,Suburban Diner,3,18,54
2023-11-24,Main Course,Downtown Branch,3,18,54
2023-12-14,Main Course,Suburban Diner,2,18,36
2023-12-31,Main Course,Uptown Bistro,5,18,90
2023-12-31,Main Course,Suburban Diner,5,18,90
2023-12-31,Main Course,Suburban Diner,5,18,90
2024-01-06,Main Course,Uptown Bistro,2,18,36
2024-01-12,Main Course,Downtown Branch,4,18,72
2024-01-17,Main Course,Uptown Bistro,3,18,54
2024-02-17,Main Course,Beachside Cafe,6,18,108
2024-02-19,Main Course,Beachside Cafe,3,18,54
2024-03-01,Main Course,Uptown Bistro,4,18,72
2024-03-02,Main Course,Uptown Bistro,3,18,54
2024-03-05,Main Course,Uptown Bistro,5,18,90
2024-03-05,Main Course,Suburban Diner,4,18,72
2024-03-10,Main Course,Suburban Diner,1,18,18
2024-03-11,Main Course,Beachside Cafe,4,18,72
2024-03-14,Main Course,Uptown Bistro,1,18,18
2024-03-21,Main Course,Beachside Cafe,5,18,90
2024-03-26,Main Course,Suburban Diner,5,18,90
2024-03-27,Main Course,Uptown Bistro,6,18,108
2024-03-28,Main Course,Suburban Diner,1,18,18
2024-04-02,Main Course,Beachside Cafe,3,18,54
2024-04-03,Main Course,Beachside Cafe,1,18,18
2024-04-08,Main Course,Suburban Diner,4,18,72
2024-04-08,Main Course,Downtown Branch,1,18,18
2024-04-15,Main Course,Beachside Cafe,2,18,36
2024-04-21,Main Course,Suburban Diner,4,18,72
2024-05-07,Main Course,Downtown Branch,6,18,108
2024-05-10,Main Course,Uptown Bistro,4,18,72
2024-05-13,Main Course,Downtown Branch,6,18,108
2024-05-15,Main Course,Uptown Bistro,1,18,18
2024-05-19,Main Course,Uptown Bistro,4,18,72
2024-05-19,Main Course,Beachside Cafe,1,18,18
2024-05-27,Main Course,Uptown Bistro,4,18,72
2024-05-31,Main Course,Beachside Cafe,4,18,72
2024-06-01,Main Course,Suburban Diner,2,18,36
2024-06-02,Main Course,Beachside Cafe,3,18,54
2024-06-03,Main Course,Beachside Cafe,6,18,108
2024-06-23,Main Course,Downtown Branch,4,18,72
2024-07-07,Main Course,Beachside Cafe,5,18,90
2024-07-15,Main Course,Beachside Cafe,1,18,18
2024-07-15,Main Course,Beachside Cafe,4,18,72
2024-07-18,Main Course,Beachside Cafe,6,18,108
2024-08-01,Main Course,Downtown Branch,2,18,36
2024-08-06,Main Course,Suburban Diner,1,18,18
2024-08-12,Main Course,Uptown Bistro,6,18,108
2024-08-14,Main Course,Uptown Bistro,4,18,72
2024-08-21,Main Course,Downtown Branch,4,18,72
2024-08-21,Main Course,Downtown Branch,2,18,36
2024-09-15,Main Course,Suburban Diner,3,18,54
2024-09-15,Main Course,Uptown Bistro,2,18,36
2024-09-27,Main Course,Beachside Cafe,3,18,54
2024-10-05,Main Course,Downtown Branch,3,18,54
2024-10-06,Main Course,Beachside Cafe,4,18,72
2024-10-17,Main Course,Beachside Cafe,2,18,36
2024-10-19,Main Course,Downtown Branch,2,18,36
2024-10-26,Main Course,Suburban Diner,1,18,18
2024-10-31,Main Course,Uptown Bistro,5,18,90
2024-11-01,Main Course,Suburban Diner,6,18,108
2024-11-06,Main Course,Beachside Cafe,1,18,18
2024-11-07,Main Course,Downtown Branch,3,18,54
2024-11-17,Main Course,Beachside Cafe,5,18,90
2024-11-21,Main Course,Uptown Bistro,1,18,18
2024-11-22,Main Course,Downtown Branch,4,18,72
2024-11-25,Main Course,Beachside Cafe,3,18,54
2024-11-25,Main Course,Suburban Diner,6,18,108
2024-11-26,Main Course,Beachside Cafe,3,18,54
2024-11-27,Main Course,Suburban Diner,1,18,18
2024-12-03,Main Course,Downtown Branch,6,18,108
2024-12-04,Main Course,Uptown Bistro,2,18,36
2024-12-05,Main Course,Beachside Cafe,6,18,108
2024-12-10,Main Course,Suburban Diner,2,18,36
2024-12-12,Main Course,Uptown Bistro,4,18,72
2024-12-17,Main Course,Downtown Branch,3,18,54
2024-12-19,Main Course,Beachside Cafe,3,18,54
2024-12-30,Main Course,Uptown Bistro,6,18,108
